german,german_full,s1,s2,s3,s4,s5,s6,s7
ab,ab,Die Fahrt kostet ab Hamburg 200 Euro.,Ab nächster Woche bleibt unser Geschäft samstags geschlossen.,Mein Bruder besucht uns ab und zu.
aber,aber,"Heute kann ich nicht, aber morgen ganz bestimmt.","Es lag sehr viel Schnee, aber Enzo ist trotzdem mit dem Motorrad gefahren.","Wir haben nur eine kleine Wohnung, sind aber damit zufrieden.",Es war sehr schön. Jetzt muss ich aber gehen.,"Ich würde gerne kommen, aber es geht leider nicht.","Darf ich dich zu einem Kaffee einladen? – Aber ja, sehr gern.",Du spielst aber gut Klavier.
abhängig,abhängig,Gregor ist finanziell von seinen Eltern abhängig.
absolut,absolut,"Was Sie da sagen, ist absolut falsch.",Ich habe absolutes Vertrauen zu dir.
abwärts,abwärts,Von dort führt der Weg abwärts ins Tal.
abwesend,abwesend,Herr Huber ist bis zum 25. April abwesend.
Achtung!,Achtung!,"Achtung, hier endet die Straße!"
ähnlich,ähnlich,Emilia ist in einer ganz ähnlichen Situation wie ich.,Oleg sieht seinem Bruder sehr ähnlich.
aktiv,aktiv,Ich bin sehr aktiv und mache viel Sport.
aktuell,aktuell,Umweltschutz ist ein aktuelles Thema.
all-,all-,Sind alle Kinder da?,"Sonst noch (et)was? – Nein, danke. Das ist alles.",Alles Gute!
allein,allein,Ich gehe nicht gern allein spazieren.,"Soll ich Ihnen helfen? – Danke, ich schaffe es schon allein.",Es war sehr teuer. Allein das Essen hat schon über 50 Euro gekostet.
aller-,aller-,"Am allerbesten ist es, wenn du dich ins Bett legst und lange schläfst. Dann wirst du schnell wieder gesund.","Das ist das Allerschönste, was ich je gesehen habe."
allerdings,allerdings,"Wir können uns morgen treffen, allerdings habe ich erst ab Mittag Zeit."
allgemein,allgemein,Wir haben nur über allgemeine Probleme gesprochen.,"Es ist allgemein bekannt, dass man hier gut essen kann.",Im Allgemeinen bin ich mit meiner Arbeit sehr zufrieden.
alltäglich,alltäglich,Das alltägliche Leben ist manchmal langweilig.,Der Roman erzählt eine ganz alltägliche Geschichte.
als,als,"Als mein Mann kam, war die Party schon zu Ende.",Sie können sich sowohl persönlich als auch im Internet anmelden.,Meine Schwester ist älter als ich.,"Es ist später, als ich dachte."
als ob,als ob,"Er tut so, als ob wir nie darüber gesprochen hätten."
also,also,"Also, die Sache ist so: …",Irina hat Urlaub. Sie kann uns also helfen.,"Also wirklich, jetzt reicht es."
alt,alt,Wie alt sind Sie?,Maria ist eine alte Freundin von mir.
alternativ,alternativ,Wir brauchen alternative Energien.
an,an,Am Anfang war alles sehr schwierig.,Dann sehen wir uns also am Dienstag.,Ich warte am Bahnhof auf dich.,"Am besten, du gehst zur Information und fragst da.",Das Licht war die ganze Nacht an.
ander-,ander-,Die anderen sind schon nach Hause gegangen.,Bitte nicht alle auf einmal! Einer nach dem anderen.,Ich hätte gern ein anderes Auto.,Natascha hat unter anderem Chinesisch und Spanisch gelernt.
andererseits,andererseits,"Tarek möchte zwar studieren, aber andererseits möchte er auch gleich Geld verdienen."
anders,anders,Anders geht das leider nicht.,Oliver ist anders als seine Freunde.,Ich würde das anders machen.
anfangs,anfangs,Anfangs ging alles gut.
angenehm,angenehm,Wir wünschen Ihnen eine angenehme Reise.
ängstlich,ängstlich,Meine Mutter ist etwas ängstlich. Sie geht nicht gern allein auf die Straße.
anstrengend,anstrengend,Ich finde diese Arbeit sehr anstrengend.
anwesend,anwesend,Bei dem Treffen waren alle Mitglieder anwesend.
arbeitslos,arbeitslos,Wie lange sind Sie schon arbeitslos?
ärgerlich,ärgerlich,Der Zug hat schon wieder Verspätung. Das ist wirklich ärgerlich.
arm,arm,Die Regierung hilft armen Nachbarländern.,Ich hätte gerne 200 g fettarmen Käse.
auch,auch,Ich muss leider gehen. – Ich auch.,Ich arbeite die ganze Woche und muss auch am Wochenende arbeiten.,"Wir fahren auf jeden Fall, auch wenn es regnet.",Der Zug ist gerade eben abgefahren. Warum kommst du auch so spät!
auf,auf,Deine Brille liegt auf dem Schreibtisch.,Die Kinder spielen unten auf der Straße.,Meine Eltern leben auf dem Land.,Gestern waren wir auf einer Party.,Auf unsere Anzeige in der Abendzeitung hat sich noch niemand gemeldet.,Wie heißt das auf Deutsch?,"Meine Tochter kommt nächstes Jahr aufs Gymnasium. (D) (A, CH: ins)",Im Mai war ich auf Urlaub. (A) (D: in),Ich bin schon seit zwei Stunden auf.," Komm herein, die Tür ist auf. (D) (A, CH: offen)"
aufmerksam,aufmerksam,Die Schülerin hörte aufmerksam zu.,"Ich mache Sie darauf aufmerksam, dass wir in einer halben Stunde schließen."
aufwärts,aufwärts,Sie müssen gute Schuhe anziehen. Der Weg geht immer aufwärts.,In letzter Zeit geht es wieder aufwärts mit der Wirtschaft.
aus,aus,Frau Müller geht jeden Morgen um 8 Uhr aus dem Haus.,Frau Özgen kommt aus der Türkei.,Die Möbel sind noch aus der Zeit um 1900.,Ich trage nur Pullover aus reiner Wolle.,Wir haben aus Liebe geheiratet.,Wann ist der Kurs aus?,Ich seh‘ nichts! Das Licht ist aus!
ausgebildet,ausgebildet,Für diesen Beruf müssen Sie gut ausgebildet sein.
auseinander,auseinander,Wir wohnen nicht weit auseinander.
ausgezeichnet,ausgezeichnet,Essen und Unterkunft waren ausgezeichnet.
ausländisch,ausländisch,Die ausländischen Studenten müssen zuerst einen Deutschkurs besuchen.
ausreichend,ausreichend,Das Geld ist für die Reise ausreichend.
ausschließlich,ausschließlich,Tut mir leid. Wir haben ausschließlich Nichtraucherzimmer.
außen,außen,Wir haben das Schloss nur von außen gesehen.,Außen ist das Haus nicht sehr schön.
außerhalb,außerhalb,Wir wohnen außerhalb von Berlin.
äußerlich,äußerlich,Das Medikament dürfen Sie nur äußerlich anwenden.
außer,außer,Außer Lisa hat sich niemand um die Stelle beworben.,Der Aufzug ist außer Betrieb.,Wir haben täglich außer Samstag geöffnet.
außerdem,außerdem,Möchten Sie außerdem noch etwas?,"Der Film war langweilig, und außerdem haben die Schauspieler schlecht gespielt."
automatisch,automatisch,Die Tür schließt automatisch.,Das Zeugnis bekommen Sie automatisch zugeschickt.
bald,bald,Besuchen Sie uns doch bald mal.,Geben Sie mir bitte so bald wie möglich Bescheid.,"Auf Wiedersehen, bis bald!"
bar,bar,Zahlen Sie bar?
befreit,befreit,Studenten und Studentinnen sind von den Rundfunk-Gebühren befreit.
befriedigend,befriedigend,Das Ergebnis ist befriedigend.
begeistert,begeistert,Es war ein tolles Konzert. Ich bin begeistert.
begrenzt,begrenzt,Die Teilnehmerzahl ist auf 12 begrenzt.
bei,bei,Potsdam liegt bei Berlin.,Ich wohne bei meinen Eltern.,Bei uns ist das anders als bei euch. Wir essen kein Fleisch.,Ich habe kein Geld bei mir.,Wir wollen euch nicht beim Essen stören.
beid-,beid-,Beide waren mit meinem Vorschlag einverstanden.,"Welche Bluse nehmen Sie, die rote oder die grüne? – Ich nehme beide."
beinahe,beinahe,Ich habe heute beinahe den Bus verpasst.
bekannt,bekannt,Ein Onkel von mir ist ein bekannter Politiker.,Dieses Lied ist sehr bekannt.
beliebt,beliebt,Dieses Spiel ist bei Jugendlichen sehr beliebt.
bequem,bequem,Meine Kinder ziehen am liebsten bequeme Sachen an.,Im Supermarkt einkaufen ist sehr bequem.,Diesen Sessel finde ich sehr bequem.
bereit,bereit,"Ich bin jederzeit bereit, dir zu helfen.",Das Paket liegt auf der Post für Sie bereit.
bereits,bereits,Bitte melde dich bei Frau Kaiser. Sie hat bereits dreimal angerufen.
beruflich,beruflich,Was machen Sie beruflich?
berufstätig,berufstätig,Sind Sie berufstätig?
berühmt,berühmt,Michael Schumacher ist ein berühmter Rennfahrer.
Bescheid sagen,Bescheid sagen,Ich erkundige mich nach den Terminen und sage Ihnen dann Bescheid.
Bescheid geben,Bescheid geben,Kannst du mir bis morgen Bescheid geben?
beschränken,beschränken,Die Teilnehmerzahl für den Kurs ist beschränkt.
besonder-,besonder-,Meine Eltern wollten uns mit dieser Reise eine ganz besondere Freude machen.
besonders,besonders,Ich habe heute ein besonders günstiges Angebot gesehen.,Durch den Sturm gab es besonders in Süddeutschland schwere Schäden.,Wie geht’s? – Nicht besonders.
bestimmt,bestimmt,Das hat Nancy bestimmt nicht so gemeint.,Möchtest du ein bestimmtes Brot?
betrunken,betrunken,"Wenn Sie betrunken Auto fahren, verlieren Sie Ihren Führerschein."
bevor,bevor,"Bevor wir gehen, möchte ich noch etwas essen."
billig,billig,Dieses Buch ist nicht ganz billig.
Bio-,Bio-,Ich kaufe nur noch Biogemüse.
bio(logisch),bio(logisch),Biologische Lebensmittel gibt es jetzt auch im Supermarkt.
bis,bis,Die Linie 8 fährt nur bis zum Hauptbahnhof.,Bis wann können Sie bleiben?,Tschüs. Bis gleich!,Einige Züge hatten bis zu zwei Stunden Verspätung.,Für die Renovierung brauchen wir drei bis vier Tage.,"Warte hier, bis ich zurückkomme."
bisher,bisher,Bisher ist alles in Ordnung.
ein bisschen,ein bisschen,"Wenn Sie ein bisschen warten, können wir zusammen gehen.",Möchten Sie noch ein bisschen Reis?,Können Sie bitte ein bisschen lauter sprechen?,Sprechen Sie Englisch? – Ein bisschen.
bitte,bitte,"Eine Tasse Kaffee, bitte!",Bitte schön!,Wie bitte? Was haben Sie gesagt?,Sprechen Sie bitte langsam.
bitter,bitter,Hast du Zucker? Der Tee ist sehr bitter.
blass,blass,Du siehst ganz blass aus. Bist du krank?
blind,blind,Er ist von Geburt an blind.
blond,blond,Mein Sohn ist blond.,Nina hat lange blonde Haare.
bloß,bloß,Ich möchte nichts kaufen. Ich möchte mich bloß umsehen.,Komm bloß nicht zu spät. Wir müssen pünktlich am Bahnhof sein.,"Ach, wenn ich bloß mehr verdienen würde!"
böse,böse,Ich habe das Buch leider vergessen. Hoffentlich bist du mir nicht böse.,Mach nicht so ein böses Gesicht!,"Ich bin böse auf dich, du bist wieder nicht gekommen!",Zeig mal! Du hast dich verletzt? Das sieht aber böse aus.
breit,breit,Der Teppich ist zwei Meter lang und einen Meter breit.
bunt,bunt,Das bunte Kleid gefällt mir gut.
chic/schick,chic/schick,Ich finde dein Kleid sehr chick.
da,da,Da drüben ist ein Getränkeautomat.,"Was Sie da sagen, ist richtig.",Ich wollte gerade einparken. Da kam ein Wagen rückwärts aus der Einfahrt.,Wir haben schon geschlossen. – Da kann man nichts machen.,"Da Sie keinen Mitgliedsausweis haben, ist es etwas teurer.",Wir haben gerade über dich gesprochen. Da bist du ja.,Welche Bluse nehmen Sie? – Die da.,Ist Herr Klein schon da?
dabei,dabei,Was hast du dir dabei gedacht?,"Schön, dass du da bist. Ist deine Familie auch dabei?",Hast du einen Stift dabei?
dafür,dafür,Meine Schwester interessiert sich für Politik. Ich interessiere mich nicht dafür.,"Ich bin dafür, dass wir möglichst früh losfahren."
dagegen,dagegen,"Vorsicht, da ist ein Baum! Fahr nicht dagegen!",Sind Sie für oder gegen ein Rauchverbot? - Ich bin dagegen.,"Ich habe nichts dagegen, dass wir schon nach Hause gehen."
daher,daher,"Ich bin erkältet, daher kann ich heute nicht kommen."
dahin,dahin,Der Zug kommt in 30 Minuten. Bis dahin können wir einen Kaffee trinken.
damals,damals,Mit 15 wollte ich gerne Klavier spielen lernen. Aber damals hatte ich kein Geld dafür.
damit,damit,"Mach schnell, damit wir nicht zu spät kommen.",Was macht man mit diesem Ding? - Damit kann man Dosen aufmachen.
danach,danach,"Zuerst gehen wir einkaufen, danach grillen wir auf unserem Balkon."
daneben,daneben,"Du weißt doch, wo die Post ist. Gleich daneben ist die Bank."
dankbar,dankbar,Ich bin Ihnen sehr dankbar für Ihre Hilfe.
danke,danke,"Soll ich Ihnen helfen? Nein, danke, nicht nötig.",Guten Appetit! – Danke gleichfalls.
dann,dann,"Ich muss noch schnell zur Post, dann komme ich.",Wir waren pünktlich am Bahnhof. Aber dann hatte der Zug Verspätung.,Ich habe im Moment sehr viel zu tun. – Dann will ich nicht länger stören.,"Wenn es nicht regnet, dann kommen wir."
dass,dass,"Rico hat mir gesagt, dass er auch zur Party kommt."
dauernd,dauernd,Das dauernde Klingeln des Telefons stört mich.,Er ist dauernd krank.
denn,denn,"Ich lerne jetzt auch Portugiesisch, denn ich möchte nach Südamerika reisen.",Wie ist das Spiel denn ausgegangen?
"derselbe, dieselbe, dasselbe","derselbe, dieselbe, dasselbe",Mein Freund und ich gehen in dieselbe Schule.
deshalb,deshalb,Ich war krank. Deshalb war ich nicht im Büro.
deswegen,deswegen,Ich habe falsch geparkt. Deswegen habe ich einen Strafzettel bekommen.
deutlich,deutlich,Schreiben Sie bitte deutlich!
dicht,dicht,Unsere Fenster sind nicht dicht. Es zieht immer.
dick,dick,Ich bin zu dick. Ich muss weniger essen.,Die Wände sind hier sehr dick.
dies-,dies-,Wohin fährst du dieses Jahr in Urlaub?,Welche Hose nehmen Sie? – Diese hier.
diesmal,diesmal,Die letzten Spiele haben wir verloren. Diesmal haben wir zum Glück gewonnen.
digital,digital,Ich habe eine Digitaluhr gekauft. Die geht genauer als meine alte Uhr.
direkt,direkt,Wir liefern Ihnen die Waren direkt ins Haus.,Das Dorf liegt direkt an der Autobahn.,Gibt es keinen direkten Zug nach Hamburg?,Sie übertragen das Fußballspiel direkt.
doch,doch,"Isst du kein Fleisch? – Doch, manchmal schon.",Ich habe es mir anders überlegt. Ich komme doch mit in die Stadt.,Ihr kommt doch heute Abend?,"Fragen Sie doch Herrn Müller, der ist Computerspezialist.","Ach, wenn doch schon Sonntag wäre!"
doppelt,doppelt,Das Buch habe ich doppelt.
Doppel-,Doppel-,Wir hätten gern ein Doppelbett.,Wollen Sie ein Doppelzimmer oder ein Einzelzimmer?
dort,dort,Dort drüben ist der Bahnhof.,Ich werde in fünf Minuten dort sein.
dorthin,dorthin,Deine Tasche kannst du dorthin stellen.
draußen,draußen,Es ist kalt draußen.,Wir müssen draußen warten.
dringend,dringend,Ich muss dich dringend sprechen.,Ich erwarte einen dringenden Anruf.,Bitte kommen Sie schnell. Es ist dringend.
"drin, drinnen","drin, drinnen",Wo wollt ihr sitzen? Draußen oder drinnen?,Bei der Hitze ist es drinnen viel angenehmer.,In der Packung ist nichts mehr drin.
drüben,drüben,Dort drüben ist die Haltestelle.
dumm,dumm,"Entschuldigung, das war dumm von mir.",Mir ist etwas Dummes passiert.,Ich fand den Film wirklich sehr dumm.
dunkel,dunkel,Um sechs Uhr ist es schon dunkel.,Meine Schwester hat dunkle Haare.,Ich habe mir eine dunkelblaue Bluse gekauft.
dünn,dünn,Mein Sohn ist sehr dünn. Er isst zu wenig.,Warum ziehst du nur so einen dünnen Mantel an? Es ist kalt draußen.
durch,durch,Wir sind mit dem Fahrrad durch den Wald gefahren.,"Wenn Sie zum Bahnhof gehen, kommen Sie durch die Goethestraße.",Wir haben den ganzen Mai durch geheizt.,Wir haben unsere Wohnung durch einen Freund bekommen.
durcheinander,durcheinander,Alle meine Sachen sind durcheinander. Ich finde nichts mehr.,Bitte redet nicht alle durcheinander. Sonst verstehe ich nichts.
durchschnittlich,durchschnittlich,Die Preise sind im letzten Jahr um durchschnittlich 6 % gestiegen.
durstig,durstig,Du bist sicher durstig. Was möchtest du trinken?
eben,eben,Ich bin eben erst angekommen.,Ich gebe auf. Ich habe eben kein Glück!
ebenfalls,ebenfalls,"Ich wünsche Ihnen ein schönes Wochenende. – Danke, ebenfalls."
ebenso,ebenso,"Schöne Feiertage. – Danke, ebenso."
echt,echt,Ich träume von einem echten Perserteppich.,Der Film war echt gut.
eckig,eckig,"Ich möchte einen eckigen Tisch, keinen runden."
egal,egal,"Es ist mir ganz egal, was die Leute denken.","Egal, wie das Wetter ist, ich gehe schwimmen."
eher,eher,Ich stehe meist eher auf als mein Mann.,"Michael sieht gerne Serien, ich mag eher Krimis."
ehrlich,ehrlich,Sie ist ein ehrlicher Mensch.,Bitte sei in dieser Sache ehrlich.,Die Pause haben wir uns ehrlich verdient.
eigen-,eigen-,Fast jedes Kind hat ein eigenes Zimmer.,Manche Leute haben keine eigene Meinung.
eigentlich,eigentlich,"Wir wollten eigentlich Freunde besuchen, aber dann sind wir doch zu Hause geblieben.",Die Sängerin nennt sich Arabella. Aber eigentlich heißt sie Uschi Müller.,Was willst du eigentlich von mir?
eilig,eilig,Hast du es eilig?
ein-,ein-,Ich nehme ein Bier. Willst du auch eins?,Wir haben zu wenig Mitspieler. Wir brauchen noch einen.
eindeutig,eindeutig,Das Ergebnis ist eindeutig. Du hast gewonnen.,Du kannst eindeutig besser kochen als ich.
einerseits,einerseits,"Einerseits möchte ich die Reise gern machen, andererseits ist sie zu teuer."
einfach,einfach,"Hin und zurück? – Nein, bitte nur einfach.",Ich verstehe das nicht. Kannst du das bitte einfacher sagen?,Wir haben am Wochenende einen Ausflug gemacht. Es war einfach toll.
einheitlich,einheitlich,Die Schüler dieser Schule tragen einheitliche Kleidung.
einig-,einig-,In diesem Bericht sind einige Fehler.,Das wird noch einige Zeit dauern.,"Einige Leute sind für das Gesetz, aber viele sind auch dagegen."
einmal,einmal,Ich habe diese Oper leider nur einmal gesehen.,Bitte rufen Sie morgen noch einmal an.,Auf einmal ging das Licht aus.,Ich kann nicht alles auf einmal machen.,Sehen wir uns (ein)mal wieder?,Vor Jahren habe ich (ein)mal in Wien gewohnt.,Komm doch bitte (ein)mal her und hilf mir.
einsam,einsam,Ohne meine Familie fühle ich mich ein bisschen einsam.
einschließlich,einschließlich,Alles zusammen kostet 200 Euro einschließlich Fahrtkosten.
einverstanden,einverstanden,"Als Termin schlage ich den 3. Mai vor. – Gut, einverstanden!","Bist du einverstanden, wenn wir bald nach Hause gehen?"
einzeln,einzeln,"Dieses Mineralwasser gibt es nur als Sechserpack, nicht einzeln.",Die Schüler mussten einzeln zum Schularzt kommen.
Einzel-,Einzel-,"z. B. Einzelkind, Einzelzimmer"
einzig-,einzig-,Wir waren die einzigen Gäste.,"Das war das einzige Mal, dass ich ihn gesehen habe."
elegant,elegant,Ich finde dein Kleid sehr elegant.
elektrisch,elektrisch,"Wir kochen nicht mit Gas, sondern elektrisch."
Elektro-,Elektro-,"z.B. Elektrogeschäft, Elektroingenieur, Elektroherd"
elektronisch,elektronisch,"Wir sollten die Daten elektronisch bearbeiten, sonst dauert es zu lange."
endgültig,endgültig,Damit ist das Problem endgültig gelöst.,Der endgültige Termin steht noch nicht fest.,Das Ergebnis ist noch nicht endgültig.
endlich,endlich,Endlich haben wir eine schöne Wohnung gefunden.,Haben Sie sich nun endlich entschieden?
eng,eng,Die Jacke ist mir zu eng.,Wir arbeiten mit dieser Firma eng zusammen.
entgegenkommen,entgegenkommen,Auf dem Weg nach Hause ist mir mein Nachbar entgegengekommen.,Können Sie mir mit dem Preis entgegenkommen?
entlang,entlang,Gehen Sie diese Straße entlang. Dann kommen Sie direkt zum Bahnhof.
unentschieden,unentschieden,Es steht unentschieden zwischen den beiden Mannschaften.,"Ich bin noch immer unentschieden, was ich morgen tun soll."
entschlossen,entschlossen,"Ich bin fest entschlossen, diese Ausbildung fertigzumachen."
entspannend,entspannend,Der Urlaub war sehr entspannend.
entweder ... oder,entweder ... oder,"Nur einer kann gewinnen, entweder du oder ich."
erfolgreich,erfolgreich,Mein Großvater war ein erfolgreicher Geschäftsmann.
erforderlich,erforderlich,Hier ist die Liste der erforderlichen Zutaten für den Kuchen.,"Es ist erforderlich, dass man den Pass persönlich abholt."
erkältet,erkältet,Ich bin stark erkältet.
ernst,ernst,Der starke Verkehr ist ein ernstes Problem.
ernsthaft,ernsthaft,"Ich überlege ernsthaft, ob ich in eine andere Stadt ziehen soll."
erschöpft,erschöpft,Nach dem Sport bin ich immer sehr erschöpft.
erst,erst,Sofia ist erst 20 Jahre alt.,Ich habe das erst gestern erfahren.,Sprich erst mit dem Arzt.,"Erst hat mir die Arbeit gar nicht gefallen, aber jetzt habe ich mich daran gewöhnt."
erst-,erst-,Ich war zum ersten Mal allein im Urlaub.,Ich wohne im ersten Stock.,An erster Stelle kommt die Schule.
erwachsen,erwachsen,Die Kinder sind schon fast erwachsen.,Wir haben zwei erwachsene Töchter.
es,es,Mein Auto muss in die Werkstatt. Es ist kaputt.,"Wissen Sie nicht, wo Herr Müller ist? - Nein, ich weiß es nicht.",Es wurden bei der Diskussion viele Fragen gestellt.,Wer ist da? – Ich bin’s.,Mir geht es gut.,"Ich finde es sehr nett von Ihnen, dass Sie mich abholen.","Es macht Spaß, zusammen ein Picknick zu machen."
etwa,etwa,Von hier sind es etwa zwanzig Kilometer.,Von zu Hause brauche ich etwa 10 Minuten bis zur Arbeit.,Du bist doch nicht etwa krank?
etwas,etwas,Ich muss dir etwas erzählen.,Ich habe nur Tee. Etwas anderes kann ich Ihnen leider nicht anbieten.,Haben Sie etwas zum Schreiben?,Wollen wir mit dem Nachtisch noch etwas warten?,So etwas habe ich noch nie gehört.,Ich habe etwas Gutes für dich gekocht.
eventuell,eventuell,Ich komme eventuell etwas später.
ewig,ewig,Ich warte schon ewig auf mein neues Auto!
extra,extra,Die Getränke kosten extra.,Warum sind Sie nicht gekommen? Ich habe extra auf Sie gewartet.
extrem,extrem,Die Prüfung war extrem schwer.
fair,fair,"Ich finde, unsere Mannschaft hat sehr fair gespielt."
fällig,fällig,Die Rechnung ist Énde des Monats fällig.
falls,falls,"Falls es regnet, machen wir kein Picknick."
falsch,falsch,"Tut mir leid, ich habe die falsche Nummer gewählt.",Meine Uhr geht falsch.,"Was Sie da sagen, ist falsch."
fantastisch,fantastisch,Die Aussicht ist fantastisch!
farbig,farbig,"Ich brauche kein weißes, sondern farbiges Papier."
fast,fast,Das Konzent ist fast zu Ende.,Ich habe fast alles verstanden.
faul,faul,Mein Sohn war am Anfang in der Schule sehr faul. Heute lernt er sehr fleißig.,Den Apfel kannst du nicht mehr essen. Er ist faul.
Ferien-,Ferien-,Ich suche eine günstige Ferienwohnung.
fertig,fertig,Das Essen ist gleich fertig.,"Wenn ich mit der Arbeit fertig bin, gehe ich nach Hause.",Bist du fertig?,Das war ein schlimmer Tag. Ich bin total fertig.
fest,fest,"Mein Kollege glaubt fest daran, dass er die neue Stelle bekommt.","Als wir nach Hause kamen, haben die Kinder schon fest geschlafen.",Für die nächste Familienfeier gibt es noch keinen festen Termin.
fett,fett,Die Wurst ist mir zu fett.,Das ist aber eine fette Katze!
feucht,feucht,Die Wäsche ist noch feucht.,Es ist heute feucht draußen.
finanziell,finanziell,Finanziell geht es meinem Neffen jetzt besser.
flach,flach,Für die Arbeit brauche ich flache Schuhe.,An dieser Stelle ist der See sehr flach.
fleißig,fleißig,Pamela ist wirklich fleißig. Sie macht immer ihre Hausaufgaben.
flexibel,flexibel,Meine Arbeitszeit ist flexibel.
fließend,fließend,Mein Kollege spricht fließend Deutsch.,Zimmer mit fließendem Wasser.
folgend,folgend,Mehr Informationen auf den folgenden Seiten.,Das Geschäft hat folgende Angebote: …
frech,frech,Du darfst in der Schule nicht so frech sein.
frei,frei,Ist dieser Platz noch frei?,Morgen haben wir frei.,Eintritt frei.,Ich trinke nur alkoholfreies Bier.,Dieses Medikament ist rezeptfrei.,Die Schüler können die Arbeitszeit frei wählen.
im Freien,im Freien,Wir wollen heute im Freien übernachten.
freiwillig,freiwillig,Manchmal bleibe ich freiwillig länger im Büro.
fremd,fremd,Ich reise gern in fremde Länder.,Ich bin fremd hier.
freundlich,freundlich,Er hat uns sehr freundlich begrüßt.,Der Mann ist sehr freundlich zu mir.,Mit freundlichen Grüßen
frisch,frisch,Das Brot ist noch ganz frisch.,Die Handtücher sind frisch gewaschen.,Ich muss mal an die frische Luft.
froh,froh,"Ich bin froh, dass alles so gut geklappt hat.",Frohes Fest!
fröhlich,fröhlich,Die Musik klingt fröhlich.,Sie ist ein fröhlicher Mensch.
früh,früh,Hier ist schon am frühen Morgen starker Verkehr.,Mein Vater arbeitet von früh bis spät.,Ich bin heute sehr früh aufgestanden.,Wir sind eine halbe Stunde zu früh gekommen.,Wecken Sie mich bitte morgen früh um 6 Uhr.
früher/früher-,früher/früher-,Früher habe ich in Berlin gewohnt.,Wir nehmen den früheren Zug.
für,für,Ist Post für mich da?,Ich habe die Schlüssel für meine Wohnung verloren.,Gibt es hier einen Sportverein für Jugendliche?,Diese alten Möbel haben wir für 100 Euro bekommen.,Für einen Anfänger spielt er schon sehr gut Klavier.,Du kannst nicht einkaufen gehen? Ich kann es für dich machen.,Für mich ist das ein schwerer Fehler.,Wir haben die Wohnung für ein Jahr gemietet.
furchtbar,furchtbar,Dennis hat furchtbare Schmerzen.,Das war mir furchtbar unangenehm.
ganz,ganz,Ich habe den ganzen Tag noch nichts gegessen.,Den Zahnarzttermin habe ich ganz vergessen.,Ich finde Janis ganz nett.,Am Montag ist hier Ruhetag. Das weiß ich ganz sicher.,Gott sei Dank ist meine Brille noch ganz.
gar,gar,Die Kartoffeln sind noch nicht gar.,Du räumst nie dein Zimmer auf. – Das ist gar nicht wahr.
geehrt,geehrt,"Sehr geehrte Damen und Herren, …"
geeignet,geeignet,Dieses Spiel ist nicht für Kinder unter drei Jahren geeignet.
gefährlich,gefährlich,"Achtung, hier ist eine gefährliche Kurve!",Du darfst nicht bei Rot über die Straße gehen. Das ist gefährlich.
gegen,gegen,Ich bin gegen einen Baum gefahren.,Das ist gegen die Vorschrift.,Haben Sie ein Mittel gegen Grippe?,Wir liefern nur gegen bar.,Ich bin gegen 14 Uhr wieder da.,Ich bin gegen diesen Vorschlag.,Wer spielt gegen wen?
gegenüber,gegenüber,Das Geschäft liegt direkt gegenüber der Post.,Dem Gast gegenüber ist das Rauchen nicht höflich.,Das Café liegt gegenüber vom Bahnhof.
geheim,geheim,Das ist geheim. Du darfst es niemandem sagen.
gemeinsam,gemeinsam,Du musst die Wohnung renovieren? Ich helfe dir. Wir können das gemeinsam machen.,Wir benutzen die Garage gemeinsam mit dem Nachbarn.
gemütlich,gemütlich,Wir haben eine sehr gemütliche Wohnung.,Es ist sehr gemütlich bei dir.
genau,genau,Haben Sie die genaue Zeit?,"Sind Sie sicher, dass heute Ruhetag ist? – Ja, das weiß ich genau.",Die Uhr geht genau.,Es ist genau acht Uhr.
genauso,genauso,Katarina sieht genauso aus wie ihre Schwester.
genug,genug,Es ist noch genug Suppe da.,Ich habe jetzt lange genug gewartet.,Ich verdiene nicht genug.
gerade,gerade,Das Bild hängt nicht gerade.,Kannst du später noch mal anrufen? Wir sind gerade beim Essen.
geradeaus,geradeaus,Fahren Sie geradeaus bis zur nächsten Kreuzung.
gerecht,gerecht,Lass uns den Kuchen gerecht verteilen.
gering,gering,Unsere Mannschaft hatte nur eine geringe Chance.,"Wenn Sie ein geringes Einkommen haben, zahlen Sie nur wenig Steuern."
gern/gerne,gern/gerne,Ich helfe Ihnen gern.,Kaffee oder Tee? – Ich möchte lieber einen Tee.,Am liebsten trinke ich Kaffee.
gesamt-/Gesamt-,gesamt-/Gesamt-,Ich habe meine gesamten Bücher verschenkt.,"z. B. Gesamtgewicht, Gesamtsumme"
geschieden,geschieden,Ich bin seit drei Jahren geschieden.
gespannt,gespannt,"Ich bin gespannt, wer bei diesem Spiel gewinnt."
gestern,gestern,Ich bin erst gestern zurückgekommen.
gesund,gesund,Ich hatte Grippe. Jetzt bin ich wieder gesund.,Zu viel Zucker ist nicht gesund.
gewohnt,gewohnt,"Ich bin gewohnt, früh ins Bett zu gehen."
gewöhnlich,gewöhnlich,Um die Zeit ist er gewöhnlich zu Hause.
giftig,giftig,"Vorsicht, das ist giftig!"
glatt,glatt,Fahr vorsichtig! Es ist glatt.
gleich,gleich,Ich komme gleich.,Wir sind gleich alt.,"Es ist mir ganz gleich, was Sie von mir denken.",Wir haben das gleiche Hemd an.
gleichfalls,gleichfalls,"Schöne Feiertage! – Danke, gleichfalls."
gleichberechtigt,gleichberechtigt,Mann und Frau sind gleichberechtigt.
gleichzeitig,gleichzeitig,Ich kann nicht alles gleichzeitig machen.
glücklich,glücklich,Meine Schwester hat geheiratet und ist sehr glücklich.,Ich wünsche Ihnen ein glückliches neues Jahr.,Ich bin glücklich verheiratet.
gratis,gratis,"Diese Reparatur kostet Sie gar nichts, wir machen das gratis für Sie."
groß,groß,Wir haben einen großen Garten.,Wie groß sind Sie?,Die Jacke ist mir zu groß.,"Wenn die Kinder groß sind, haben wir wieder mehr Zeit.",Ich habe keinen großen Hunger.
Groß-,Groß-,"z.B. die Großeltern, die Großmutter, der Großvater"
gründlich,gründlich,"Ich möchte die Wohnung gründlich reinigen, bevor der Besuch kommt.",Waschen Sie sich gründlich die Hände.
gültig,gültig,Mein Pass ist nur noch zwei Monate gültig.
günstig,günstig,Ich suche eine günstige Ferienwohnung.
gut,gut,Ich kenne ein gutes Lokal.,Maria kann gut tanzen.,"Ich glaube, die Wurst ist nicht mehr gut.",Mir ist heute gar nicht gut.,Wir hatten im Urlaub gutes Wetter.,Heute ist das Wetter wieder besser.,Christine ist meine beste Freundin.,Ich komme um 13 Uhr. – Gut!,Guten Morgen!, Ein gutes neues Jahr!, Guten Appetit!
halb,halb,Treffen wir uns um halb neun?,Bei dieser Firma habe ich ein halbes Jahr gearbeitet.,Ich gebe Ihnen die Tomaten zum halben Preis.,Die Flasche ist ja noch halb voll.
halbtags,halbtags,Ich habe ein kleines Kind und kann nicht acht Stunden am Tag arbeiten. Deshalb möchte ich halbtags arbeiten.
hallo,hallo,"Hallo, wie geht’s? − Danke, gut, und dir?"
halt,halt,Es gibt leider keine Karten mehr. – Schade. Da kann man nichts machen. Das ist halt so.
haltbar,haltbar,Diese Tomaten sind mindestens 2 Wochen haltbar.
hart,hart,Das Bett im Hotel war mir zu hart.,Die Brötchen sind ja ganz hart.,Ich habe eine harte Woche vor mir. Ich muss jeden Tag Überstunden machen.,"Wir haben hart gearbeitet, um die Wohnung zu bezahlen."
hässlich,hässlich,Das ist aber eine hässliche Lampe!,Dieses Kleid finde ich hässlich.
häufig,häufig,Haben Sie häufig Kopfschmerzen? Dann sollten Sie nicht so lange am Computer sitzen.
heim,heim,Ich will jetzt heim.
heimlich,heimlich,"Gestern habe ich gehört, dass mein Sohn heimlich raucht."
heiß,heiß,Für die Jahreszeit ist es zu heiß.,Ich mache dir einen heißen Tee.
hell,hell,Im Sommer wird es um 5 Uhr schon hell.,Mein Zimmer ist schön hell.,Ich habe mir einen hellblauen Pullover gekauft.
her/her-,her/her-,"Wir haben uns lange nicht gesehen. – Ja, das ist wirklich lange her.",Komm her zu mir!
"heraus-, raus- (heraus-) finden, findet heraus, fand heraus, hat herausgefunden","heraus-, raus- (heraus-) finden, findet heraus, fand heraus, hat herausgefunden","Hast du schon rausgefunden, wann und wo man sich für den Kurs anmelden muss?"
"herein-, rein-","herein-, rein-",Kommt doch herein!
"herunter-, runter- (herunter-)laden, lädt herunter, lud herunter, hat heruntergeladen","herunter-, runter- (herunter-)laden, lädt herunter, lud herunter, hat heruntergeladen",Ich habe mir Musik aus dem Internet (he)runtergeladen.
herzlich,herzlich,Herzlichen Glückwunsch!
heute,heute,Heute kann ich etwas früher nach Hause gehen.,Ab heute bleibt unser Büro nachmittags geschlossen.,Frau Müller kommt heute in acht Tagen zurück.,Heute kann man sich eine Welt ohne Internet nicht mehr vorstellen.
heutig-,heutig-,Die heutigen Computer können viel mehr als noch vor ein paar Jahren.
hier/hier-,hier/hier-,Hier wohne ich.,Von hier hat man eine herrliche Aussicht.,Hier sind die Schlüssel für meine Wohnung. Kannst Du meine Blumen gießen?,Hier ist Pamela Linke. Bitte hinterlassen Sie eine Nachricht.
hierher,hierher,Ich komme oft hierher. In diesem Café gibt es guten Kuchen.
hinten,hinten,Wo möchtest du sitzen? Hinten oder vorne?,Bitte hinten aussteigen!
hinter/hinter-,hinter/hinter-,Hinter dem Haus haben wir einen Garten.,Fahren Sie Ihren Wagen bitte hinter das Haus.,Auf den hinteren Plätzen kann man nicht sehr viel sehen.
hinterher,hinterher,Vor der Prüfung habe ich so viel gelernt. Hinterher habe ich vieles wieder vergessen.
historisch,historisch,Wir waren mit unserer Klasse im Historischen Museum.
hoch,hoch,Der Berg ist fast 3000 m hoch.,Das Hotel liegt hoch über dem See.,Die Benzinpreise sind sehr hoch.
höchstens,höchstens,Ich habe wenig Zeit. Ich kann höchstens eine Viertelstunde bleiben.
hoffentlich,hoffentlich,Hoffentlich hat unser Zug keine Verspätung.
höflich,höflich,Unser Nachbar ist sehr höflich. Er sagt immer als Erster Guten Tag.
hübsch,hübsch,Wir haben eine hübsche Wohnung gefunden.,Dietmars neue Freundin ist sehr hübsch.
hungrig,hungrig,Ich bin sehr hungrig.
ideal,ideal,Eine Wohnung mit Garten wäre für uns ideal.
illegal,illegal,"Ohne Steuerkarte zu arbeiten ist illegal. Wenn es herauskommt, musst du Strafe zahlen."
immer,immer,Frau Bast kommt immer zu spät.,Mein Kollege liegt immer noch im Krankenhaus.,Die Schmerzen werden immer schlimmer.
in,in,Ich wohne in Frankfurt.,Meine Wohnung ist im dritten Stock.,Wollen wir heute ins Einkaufszentrum gehen?,Rufen Sie bitte in fünf Minuten noch einmal an.,Im Mai war ich in Urlaub. (D) (A: auf),Wir sind in einer schwierigen Lage.,Meine Tochter kommt nächstes Jahr ins Gymnasium. (A) (D: aufs)
indem,indem,"Du kannst die Datei öffnen, indem du hier klickst."
individuell,individuell,"Die Lehrerin versucht, jedes Kind individuell zu fördern."
inklusive,inklusive,Der Zimmerpreis ist inklusive Frühstück.
innen,innen,Der Lichtschalter ist innen links.
inner-,inner-,"Wir müssen Sie untersuchen. Es kann sein, dass Sie innere Verletzungen haben."
innerhalb,innerhalb,Diese Fahrkarte gilt nur innerhalb der Stadt.,Nach dem Umzug müssen Sie sich innerhalb einer Woche ummelden.
insgesamt,insgesamt,Insgesamt haben sich 20 Teilnehmer für die Prüfung angemeldet.
intelligent,intelligent,Maria ist sehr intelligent. Sie kann sehr gut rechnen.
intensiv,intensiv,Ich möchte intensiv Deutsch lernen.
interessant,interessant,Ich habe einen interessanten Bericht gelesen.,Den Artikel über Brasilien finde ich sehr interessant.
interessiert,interessiert,Mein Nachbar zieht nächsten Monat aus. Sind Sie noch an der Wohnung interessiert?
interkulturell,interkulturell,Wir haben in der Sprachschule ein interkulturelles Fest gefeiert.
international,international,"Die Teilnehmenden in unserem Kurs sind ganz international: Silvana kommt aus Italien, Conchi aus Spanien, Yin aus China …",Der Professor war international bekannt.
inzwischen,inzwischen,Herr Müller kommt gleich zurück. Sie können inzwischen in seinem Büro warten.
irgendirgendein,irgendirgendein,"Was für einen Saft möchten Sie? – Ganz egal, irgendeinen."
irgendwann,irgendwann,Ich habe Sie irgendwann schon mal gesehen.
ja,ja,Sind Sie verheiratet? – Ja.,"Hallo? – Ja, bitte? Wer spricht denn da?","Denk bitte daran, die Tür abzuschließen. – Ja, ja, mach´ ich.","Heute Morgen um fünf hat es geschneit. – Ja, wirklich?","Ich würde ja gern kommen, aber es geht wirklich nicht.","Du weißt ja, dass ich kein Bier trinke. Gib mir bitte einen Tee.",Du bist hier in Berlin? – Das ist ja eine Überraschung.,Steige bitte ja nicht auf den Stuhl!
je,je,Die Pullover kosten je nach Qualität zwischen 40 und 60 Euro.,"Fahren Sie im Juni oder im Juli? – Je nachdem, wann mein Mann Urlaub bekommt."
je … desto …,je … desto …,"Je länger ich Deutsch lerne, desto besser kann ich es verstehen."
"jeder, jedes, jede","jeder, jedes, jede",Das Restaurant hat jeden Tag geöffnet.,Jedes Kind bekommt ein Spiel.,Die Prospekte bekommen Sie in jedem Reisebüro.,Im Supermarkt gibt es keine Schmerztabletten. Das weiß doch jeder.
jederzeit,jederzeit,Sie können mich jederzeit anrufen.
jedes Mal,jedes Mal,Inge erzählt die Geschichte jedes Mal anders.
jedoch,jedoch,"Sie ruft immer wieder an, jedoch ohne Erfolg."
jemals,jemals,"Hast du jemals von dem Problem gehört? – Nein, nie."
jemand,jemand,Hat jemand einen Bleistift für mich?,"Kennst du jemand, der mir ein Fahrrad leihen kann?"
jetzt,jetzt,Ich muss jetzt gehen.,Bis jetzt hat alles gut geklappt.,Ab jetzt werde ich wieder öfter ins Fitness-Studio gehen.,Ich habe jetzt schon dreimal bei meinem Bruder angerufen. Aber er ist nie da.,Über viele Dinge denke ich jetzt anders als früher.
jeweils,jeweils,Der Kurs findet jeweils montags und donnerstags um 18 Uhr statt.
jung,jung,Für diesen Film bist du noch zu jung.,Meine Mutter ist jung geblieben.,Claudia ist 21. – Was? Noch so jung?,Ich habe sehr jung geheiratet.,Bei uns im Haus wohnen viele junge Leute.,Mein Bruder ist zehn Jahre jünger als ich.,Ich bin in unserer Familie die Jüngste.
kalt,kalt,Es ist kalt heute.,Du hast ja ganz kalte Hände.,Das Mittagessen ist kalt geworden.,Abends essen wir immer kalt.,Wir hatten einen kalten Winter.,Mir ist kalt. Mach bitte die Heizung an.
kaputt,kaputt,Unsere Waschmaschine ist kaputt.,Ich bin noch ganz kaputt von der Reise.
kaputtgehen,kaputtgehen,Pass bitte mit diesem Glas auf. Es geht leicht kaputt.,Der Fernseher ist gestern kaputtgegangen.
kaputtmachen,kaputtmachen,Wer hat die Lampe kaputtgemacht?
kaum,kaum,Ich kann Sie kaum verstehen. Bitte sprechen Sie lauter.,Es hat letzte Woche kaum geregnet.,Die Fahrt hat nicht lange gedauert. Kaum 20 Minuten.
kein-,kein-,Ich habe leider heute keine Zeit.,Jetzt habe ich noch keinen Hunger.,Ich habe keine Kinder.,Was für ein Auto haben Sie? – Ich habe keins.
klar,klar,"Sie müssen noch mehr Deutsch lernen. – Ja, das ist mir klar.",Kommst du mit? – Klar!,"Ich komme zu deinem Geburtstag, das ist doch klar.",Leider haben wir bei der Bahn keine klare Auskunft bekommen.
klasse,klasse,Ich finde unseren Lehrer klasse.
klein,klein,Unsere Wohnung ist klein.,Unser Kind ist noch klein.,Wir machen am Sonntag einen kleinen Ausflug.
klug,klug,Ich halte sie für klug.,Er hat sich in der Diskussion nicht besonders klug verhalten.,Das ist ein kluger Hund.
knapp,knapp,Mach schnell. Die Zeit ist knapp.,Unser Geld wird knapp. Wir müssen sparen.,Die Fahrt war kurz. Nur knapp eine Stunde.,Die Wohnung hat nur knapp 30 m².,Der Tisch hat nur knapp 50 Euro gekostet.
komisch,komisch,Das Essen schmeckt komisch. Probier mal.,Der Film war sehr komisch. Wir haben viel gelacht.,Eine grüne Hose und gelbe Schuhe? Das sieht komisch aus.
komplett,komplett,Ich habe den Termin komplett vergessen.,Die Wohnung ist jetzt komplett eingerichtet.
kompliziert,kompliziert,Er schreibt viel zu kompliziert.
kopieren,kopieren,Kann ich mir diesen Artikel kopieren?,Ich kopiere dir die Datei auf die Speicherkarte.,Ich kann dir die CD kopieren.
körperlich,körperlich,Körperliche Arbeit macht mir nichts aus.
korrekt,korrekt,Ich habe die Rechnung geprüft. Alles ist korrekt.
kostenlos,kostenlos,Diese Zeitschrift kostet nichts. Sie ist kostenlos.
kräftig,kräftig,Der Mann ist kräftig. Er macht viel Sport und isst viel.,Die Suppe musst du kräftig würzen.
krank,krank,Ich war zwei Wochen krank.,Ich muss mich um meine kranke Großmutter kümmern.
kreativ,kreativ,Die Kinder sind beim Basteln sehr kreativ.,Wir brauchen eine kreative Lösung für dieses Problem.
kritisch,kritisch,Es gab eine Diskussion über die Lebensmittelpreise. Ein Journalist hat kritische Fragen gestellt.
kühl,kühl,Es ist kühl draußen. Zieh dir eine Jacke an.
kulturell,kulturell,Es gibt große kulturelle Unterschiede zwischen den Ländern.
künstlich,künstlich,Ich mag kein künstliches Licht.
kurz,kurz,Ricardo hat kurze Haare.,Kann ich Sie kurz sprechen?,Kurz vor 8 Uhr hat das Telefon geklingelt.,Mein Mann ist kurz nach mir gekommen.,Ich bin vor Kurzem nach München gezogen.,Ich wohne seit Kurzem in München.,Ich habe das Kleid kürzer machen lassen.
kürzlich,kürzlich,"Wir haben doch kürzlich darüber gesprochen, dass wir am Wochenende wegfahren wollen."
lang,lang,Der Teppich ist 3 m lang und 2 m breit.,Meine Schwester hat mir einen langen Brief geschrieben.,Die Hose ist zu lang. Können Sie sie kürzer machen?
"lange, lang","lange, lang",Wie lange dauert die Fahrt von Hamburg nach Berlin?,Wie lange bist du schon in Deutschland?,Wartest du schon lange?,Wir sind noch lange nicht fertig mit der Arbeit.,Wir haben lange gefrühstückt.,Beim Arzt muss man oft lange warten.,Ich komme gleich. Es dauert nicht lange.
langsam,langsam,Könnten Sie bitte etwas langsamer sprechen?,Es wird langsam kalt. Es wird Herbst.
längst,längst,Wann reparierst du die Heizung. – Die habe ich schon längst repariert.
langweilig,langweilig,Der Film war sehr langweilig.
laut,laut,Lass uns gehen. Hier ist es mir zu laut.,Können Sie bitte etwas lauter sprechen?,Laut Wetterbericht gibt es morgen Regen.
lecker,lecker,Das Essen war sehr lecker.
ledig,ledig,Wie ist Ihr Familienstand? – Ledig.
leer,leer,Das Restaurant war fast leer.,Die Kanne ist fast leer. Ich mache uns neuen Tee.
leicht,leicht,Der Koffer ist ganz leicht. Ich kann ihn allein tragen.,"Es ist nicht leicht, bei diesem Arzt einen Termin zu bekommen."
leider,leider,Da kann ich Ihnen leider nicht helfen.,Hast du schon eine Antwort auf deinen Brief? – Leider nicht.,Leider kann ich nicht kommen. Ich muss zum Arzt.
leise,leise,Seid leise. Die anderen schlafen schon.,Könntest du das Radio bitte etwas leiser stellen?
letzt-,letzt-,Was hast du letzte Woche gemacht?,Ich wohne im letzten Haus auf der rechten Seite.,Wann haben Sie Ihre Familie das letzte Mal gesehen?
lieb,lieb,Die Kinder waren heute sehr lieb.,Vielen Dank für deine Hilfe. Das ist sehr lieb von dir.,Liebe Frau Meier!
Lieblings-,Lieblings-,"z. B. Lieblingsfarbe, Lieblingsfilm, Lieblingsessen Mein Lieblingsessen ist Pizza."
links,links,An der Kreuzung müssen Sie nach links abbiegen.,Gehen Sie die nächste Straße links.
link-,link-,Er hat sich das linke Bein gebrochen.,Das Haus ist auf der linken Seite.
locker,locker,Lassen Sie bitte die Arme ganz locker und atmen Sie tief ein.
los/los-,los/los-,Los! Beeilt euch!,Gibt es ein Problem? Was ist denn los?,Achtung – fertig – los!
lustig,lustig,Ich habe einen lustigen Film gesehen.,Mir ist heute etwas Lustiges passiert.
mager,mager,Bitte 1 kg mageres Fleisch.
mal,mal,(siehe einmal)
man,man,Wie schreibt man das?,Hier darf man nicht parken.
manch-,manch-,Manche Nachbarn sind unfreundlich.,An manchen Tagen ist das Zugfahren billiger.
manchmal,manchmal,Manchmal gehe ich mit meiner Frau ins Café.,Rauchen Sie? – Manchmal.
männlich,männlich,Kreuzen Sie bitte an: „weiblich“ oder „männlich“.
maximal,maximal,Wie lange braucht ein Brief? – Maximal zwei Tage.,Wie schwer darf der Brief sein? – Maximal 20 g.
mehr (siehe auch viel),mehr (siehe auch viel),Ich habe diesmal mehr gelernt als bei der letzten Prüfung.,Mehr kann ich nicht essen!
mehrere,mehrere,Ich habe mehrere Leute gefragt. Aber niemand konnte mir helfen.,Viele Wörter haben mehrere Bedeutungen.
meinetwegen,meinetwegen,Meinetwegen kannst du heute das Auto haben.
"meist-, die meisten","meist-, die meisten",Wie gut kannst du Deutsch? – Das Meiste verstehe ich.,Ich bin neu im Haus. Die meisten Nachbarn kenne ich noch nicht.
meist(ens),meist(ens),Meistens trinke ich zum Frühstück nur einen Kaffee.,"Seid ihr am Wochenende zu Hause? – Ja, meistens."
menschlich,menschlich,Fehler zu machen ist menschlich.
merkwürdig,merkwürdig,Das ist eine merkwürdige Geschichte.
mild,mild,"Möchten Sie die Soße scharf? – Nein, bitte ganz mild.",Wie wird das Wetter? – Es soll etwas milder werden.
mindestens,mindestens,Ein guter Fernsehapparat kostet mindestens 500 Euro.,Bitte kommen Sie mindestens eine Stunde vor Abflug zum Flughafen.
minimal,minimal,Da ist nur ein minimaler Unterschied.
miss-,miss-,Die Konferenz war ein Misserfolg.,Das Misstrauen zwischen den beiden Parteien ist weiterhin groß.,Sie haben mich missverstanden.,Das ist ein Missverständnis. Das habe ich nicht gesagt.
mit,mit,Ich gehe heute Abend mit Maria aus.,Wir suchen eine Dreizimmerwohnung mit Küche und Bad.,Ich hätte gern einen Tee mit Zitrone.,Mit meiner Mutter sind wir acht Personen.,Ich bin mit dem Fahrrad gekommen.
miteinander,miteinander,Sprechen Sie bitte miteinander.
mitten,mitten,Wir haben eine Wohnung mitten in der Stadt.,Das Flugzeug hatte Verspätung. Wir sind erst mitten in der Nacht angekommen.
mittler-,mittler-,In den mittleren Reihen sind noch Plätze frei.
mittlerweile,mittlerweile,Am Anfang war die Arbeit schwer. Mittlerweile habe ich mich daran gewöhnt.
möbliert,möbliert,Ich suche ein möbliertes Zimmer.
mobil/mobil-,mobil/mobil-,Mit dem Fahrrad bin ich in der Stadt sehr mobil.
modern,modern,Die Wohnung ist modern eingerichtet.,Das Stadtzentrum von Frankfurt ist ganz modern.
möglich,möglich,Kann ich bitte sofort einen Termin haben? – Das ist leider nicht möglich.
möglichst,möglichst,"Sagen Sie mir bitte möglichst bald, ob Ihnen der Termin passt.","Wir suchen eine Wohnung, möglichst im Erdgeschoss."
müde,müde,Ich bin müde. Ich gehe schlafen.
mündlich,mündlich,Die mündliche Prüfung ist erst nächste Woche.
musikalisch,musikalisch,"Sie ist sehr musikalisch: Sie spielt Klavier, Flöte und Geige.",Das musikalische Angebot gefällt mir.
mutig,mutig,"Es war sehr mutig von dir, deine Meinung laut zu sagen."
nach,nach,Ich fahre morgen nach Hamburg.,Ich muss jetzt nach Hause.,Wir treffen uns nach dem Essen.,Es ist schon nach acht. Wir müssen uns beeilen.
nachdem,nachdem,"Nachdem wir gegessen hatten, sind wir spazieren gegangen."
nachher,nachher,Ich rufe nachher nochmal an.
nächst-,nächst-,Wo ist hier die nächste Apotheke?,Rufen Sie bitte nächste Woche noch einmal an.,Wann fährt der nächste Zug nach Frankfurt?,Wer ist der Nächste bitte?
nah(e),nah(e),"Wie weit ist es zum Bahnhof? – Das ist ganz nah, nur zwei Minuten von hier."
nämlich,nämlich,Ich muss leider gehen. Ich habe nämlich noch einen Termin beim Zahnarzt.
nass,nass,Es hat schrecklich geregnet. Ich bin ganz nass geworden.,Geh nicht mit den nassen Schuhen ins Wohnzimmer.
national/national-,national/national-,Das ist ein nationaler Wettbewerb.,Die Nationalmannschaft ist ziemlich stark.
natürlich,natürlich,Natürlich helfen wir dir.,Kommst du auch wirklich zu meiner Party? – Natürlich.
neblig,neblig,Fahr vorsichtig! Es ist neblig.
neben,neben,Neben mir ist noch ein Platz frei.,Darf ich mich neben dich setzen?,Die Apotheke ist gleich links neben der Post.
nebenan,nebenan,"Das ist José, er wohnt nebenan."
nebenbei,nebenbei,Mein Freund studiert Geschichte. Und nebenbei arbeitet er in einer Kneipe.,Ich mache die Hausarbeit und nebenbei höre ich Radio.
negativ,negativ,Du solltest nicht alles negativ sehen.
nein,nein,"Noch ein Bier? – Nein, danke.","Kommst du auch mit nach München? – Nein, ich habe keine Zeit."
nervös,nervös,Das Warten macht mich ganz nervös.,Bei Prüfungen bin ich immer sehr nervös.
nett,nett,Die Leute sind hier sehr nett.,Ich habe viele nette Kollegen.,Vielen Dank! Das ist sehr nett von Ihnen.,Die Nachbarn waren sehr nett zu uns.
neu,neu,Mein Wagen ist noch ganz neu.,Wir haben eine neue Wohnung.,Man darf hier nicht mehr rauchen? Das ist mir ganz neu.
neugierig,neugierig,Die Nachbarn sind ziemlich neugierig.
neulich,neulich,Ich war neulich bei der Bank und habe einen alten Freund getroffen.
nicht,nicht,"Zigarette? - Danke, ich rauche nicht.",Wie geht es dir? – Nicht so gut.,Das Essen in der Kantine ist gar nicht schlecht.,Du kommst immer zu spät! - Das stimmt nicht.
nichts,nichts,Ich habe noch nichts gegessen.,Ich weiß auch nichts Genaues.,Ich habe nichts zum Schreiben dabei.,Entschuldigung! – Das macht nichts.
nie,nie,Der Chef ist nie da.,Warum bist du nie zufrieden?,Bis morgen Abend schaffe ich die Arbeit nie.,Ich gehe nie wieder in dieses Restaurant.
niedrig,niedrig,Die Räume hier sind mir zu niedrig.,Für die Jahreszeit sind die Temperaturen zu niedrig.,Die Firma zahlt sehr niedrige Löhne.
niemand,niemand,Ich habe geklingelt. Aber es war niemand zu Hause.
nirgends,nirgends,Ich kann die Quittung nirgends finden.,Hier kann man nirgends parken.
nirgendwo,nirgendwo,Die Schlüssel kann ich nirgendwo finden.
noch,noch,Mein Bruder geht noch zur Schule.,"Bist du fertig. – Nein, noch nicht ganz.","Haben Sie noch einen Wunsch? – Ja, bitte noch ein Bier.","Sonst noch etwas? – Nein, danke.",Ich komme später. Ich muss erst noch einkaufen.,"Meine Freundin studiert, und abends arbeitet sie noch als Kellnerin.",Es ist nicht mehr viel Zeit. Nur noch fünf Minuten.,Ich habe nur noch 20 Euro.,"Ist das Essen schon fertig. – Nein, es dauert noch ein paar Minuten.", Ist Amadeo schon da? – Vielleicht kommt er noch.
noch mal,noch mal,Vielen Dank nochmal.,Bitte sagen Sie das nochmal.
nochmals,nochmals,Nochmals vielen Dank!
normal,normal,Fehler zu machen ist doch ganz normal.
normalerweise,normalerweise,Wann haben Sie normalerweise Pause?
notieren,notieren,Ich habe mir den Termin notiert.
nötig,nötig,"Wenn es nötig ist, nehmen Sie noch eine Tablette.","Kann ich Ihnen helfen? – Danke, nicht nötig."
notwendig,notwendig,"Muss ich nochmal wiederkommen? – Nein, das ist nicht notwendig."
nun,nun,"Schade, dass du arbeiten musst. – Das ist nun mal so.",Was ist jetzt? Kommst du nun endlich?
nur,nur,Im Kaufhaus gibt‘s T-Shirts für nur fünf Euro.,Ich habe keinen Hunger. Ich möchte nur etwas trinken.,Ich habe nur heute Abend Zeit.,Kannst du mir Geld leihen? Tut mir leid. Ich habe nur fünf Euro dabei.
nützlich,nützlich,Danke für den Tipp. Das war sehr nützlich.
ob,ob,"Ich weiß noch nicht, ob ich kommen kann."
oben,oben,Wir wohnen oben im 4. Stock.,Die Butter liegt im Kühlschrank ganz oben.
ober-,ober-,Die Wohnung im oberen Stockwerk ist vermietet.
obwohl,obwohl,"Obwohl meine Kollegin krank ist, geht sie arbeiten."
oder,oder,Möchten Sie Kaffee oder Tee?,Entweder wir fahren mit dem Bus oder wir gehen zu Fuß.
offen,offen,Komm rein. Die Haustür ist offen. (A) (D: auf),"Ich glaube, der Supermarkt ist jetzt noch offen.",Im Sommer schlafe ich immer bei offenem Fenster.,Ich habe mit meinem Kollegen ganz offen über mein Problem gesprochen.,Einzelne Fragen sind noch offen.
öffentlich,öffentlich,In der Stadt fahre ich immer mit öffentlichen Verkehrsmitteln.,In öffentlichen Gebäuden darf man nicht rauchen.
offenbar,offenbar,Das Restaurant ist heute offenbar geschlossen.
offiziell,offiziell,Sie bekommen von uns eine offizielle Einladung.
oft/öfter,oft/öfter,Ich treffe mich oft mit meiner Freundin.,In letzter Zeit muss ich öfter Überstunden machen.
ohne,ohne,Bitte eine Pizza ohne Zwiebeln.,"Ohne Auto ist es schwer, zur Arbeit zu kommen.","Mein Sohn ist einfach mit dem Auto weggefahren, ohne mich zu fragen.","In diesem Haus kann man nichts machen, ohne dass die Nachbarn darüber reden."
Öko- (ökologisch),Öko- (ökologisch),"z.B. Ökoladen, Ökostrom, ökologischer Anbau"
optimistisch,optimistisch,"Glaubst du, dass du den Job bekommst. – Ja, ich bin ganz optimistisch."
ordentlich,ordentlich,Mein Bruder ist ein sehr ordentlicher Mensch.,Auf seinem Schreibtisch sieht es immer sehr ordentlich aus.
original,original,Ich muss das originale Dokument abgeben.
(ein) paar,(ein) paar,Ich komme gleich. Es dauert nur ein paar Minuten.,Wir fahren mit ein paar Freunden in Urlaub.
parallel,parallel,Die Goethestraße ist parallel zur Hauptstraße.
passiv,passiv,"Man sollte im Kurs nicht passiv sein, sondern mitdiskutieren."
pauschal,pauschal,Sie haben die Reise pauschal gebucht.
peinlich,peinlich,Das muss dir nicht peinlich sein.,Das war eine peinliche Situation.
per,per,Wie kann ich mich für den Kurs anmelden? – Per Fax oder E-Mail.
perfekt,perfekt,Die Reiseorganisation war perfekt.
persönlich,persönlich,Hier gibt es zu viele Autos. Das ist meine persönliche Meinung.,Ich muss Herrn Meier persönlich sprechen.
plötzlich,plötzlich,Es war zuerst so schön. Plötzlich hat es angefangen zu regnen.
politisch,politisch,Ich diskutiere mit meinem Mann oft über politische Probleme.,Die politischen Meinungen zum Thema Umwelt sind sehr verschieden.
populär,populär,Diese Musik ist bei Jugendlichen populär.
positiv,positiv,Wir haben eine positive Nachricht für Sie. Sie bekommen die Stelle.,Man muss positiv denken.
praktisch,praktisch,Ich finde diese Küchenmaschine sehr praktisch.,Ich habe letzte Woche den Führerschein gemacht. Jetzt fehlt mir noch praktische Erfahrung.,"Dieses Handy kann praktisch alles, was ein Computer kann."
preiswert,preiswert,Die Jacke ist sehr preiswert.
prima,prima,Mit diesen Leuten verstehe ich mich prima.
privat,privat,Hier meine Nummer im Büro und meine private Nummer.,Über meine Probleme möchte ich nicht sprechen. Das ist privat.,Ich treffe meine Arbeitskollegen auch privat.
pro,pro,Eintritt pro Person: zwei Euro.
Prost,Prost,Wir trinken auf Ihre Gesundheit! Prost!
pünktlich,pünktlich,Seien Sie bitte pünktlich.,Der Bus fährt pünktlich um acht Uhr.
quer,quer,Ich muss zu meiner Arbeit quer durch die ganze Stadt fahren.
rauf/rauf-,rauf/rauf-,"Hier ist die Treppe, also los, schnell rauf!",Möchtest du nicht raufkommen?
raus/raus-,raus/raus-,Willst du rein oder raus?,Er ist gerade rausgelaufen.
realistisch,realistisch,"Ich glaube nicht, dass du für das Auto noch so viel Geld bekommst. Das ist nicht realistisch."
rechtlich,rechtlich,Wir beraten Sie in rechtlichen Fragen.
recht,recht,"Ist es Ihnen recht, wenn ich morgen vorbeikomme?",Da haben Sie recht.,Da muss ich Ihnen recht geben.
rechts,rechts,An der nächsten Kreuzung müssen Sie rechts abbiegen.,Der Bahnhof ist da vorne rechts.
recht-,recht-,Ich habe mir den rechten Arm gebrochen.
rechtzeitig,rechtzeitig,Bitte weck mich rechtzeitig. Ich muss pünktlich sein.
regelmäßig,regelmäßig,Sie müssen die Tabletten regelmäßig nehmen.
regional,regional,Du kannst mit einer Regionalbahn fahren. Das ist billiger.
reich,reich,"Wenn ich reich wäre, würde ich eine Weltreise machen."
reif,reif,Die Banane kannst du nicht essen. Sie ist noch nicht reif.
rein,rein,Der Pullover ist aus reiner Wolle.,"Es war reiner Zufall, dass ich die Uhr wiedergefunden habe.","Das Wasser ist so rein, dass man es trinken kann."
relativ,relativ,"Die Wohnung ist relativ groß, aber sehr teuer."
richtig,richtig,"Was Sie da sagen, ist richtig.",Geht Ihre Uhr richtig?,Das ist nicht die richtige Größe.
riesig,riesig,Die Stadt ist riesig.,Ich habe mich über das Geschenk riesig gefreut.
roh,roh,Du kannst das nicht essen. Das Fleisch ist noch roh.
rückwärts,rückwärts,Ich bin rückwärts aus der Garage gefahren.
ruhig,ruhig,Ich suche ein ruhiges Zimmer.,Nachts ist es hier in der Straße sehr ruhig.,Du kannst ruhig rauchen.
rund,rund,Wir haben für unser Wohnzimmer einen runden Tisch gekauft.,Bis Berlin sind es noch rund 40 Kilometer.
salzig,salzig,Dieses Essen ist zu salzig für mich.
sämtliche,sämtliche,Sämtliche Fenster müssen geschlossen bleiben.
satt,satt,"Möchten Sie noch etwas? – Nein danke, ich bin satt."
sauber,sauber,Bringen Sie mir bitte ein sauberes Glas!,Ich muss noch das Bad sauber machen.
sauer,sauer,Die Äpfel sind mir zu sauer.,Die Milch ist sauer.,Immer kommst du zu spät. Ich bin wirklich sauer auf dich.
schade,schade,Ich kann leider nicht mitkommen. – Das ist aber schade!,"Schade, dass du nicht mitkommen kannst."
schädlich,schädlich,Rauchen ist schädlich für die Gesundheit.
scharf,scharf,Bei uns zu Hause essen wir immer sehr scharf.,Hast du kein schärferes Messer?
zuschauen,zuschauen,Möchtest du beim Fußballspiel zuschauen?
geschieden,geschieden,Meine Kollegin ist geschieden.
schief,schief,Der Spiegel hängt ganz schief.
der/das (Schlag-)Obers (A)
→ D: (Schlag-)Sahne; CH: (Schlag-)Rahm,der/das (Schlag-)Obers (A)
→ D: (Schlag-)Sahne; CH: (Schlag-)Rahm,Ich hätte gern ein Stück Torte mit Schlagobers.
schlank,schlank,In diesem Kleid siehst du sehr schlank aus.
schlecht,schlecht,Das Wetter ist schlecht.,Du siehst aber schlecht aus. Bist du krank?,Es geht mir schlecht. Ich habe Fieber.,Ich habe zu viel gegessen. Jetzt ist mir schlecht.,Hier ist schlechte Luft. Mach bitte das Fenster auf.,Stell die Milch in den Kühlschrank. Sonst wird sie schlecht.,Die Bezahlung in dieser Firma ist schlecht.,Die Verbindung ist schlecht. Ich höre dich nicht gut.,Der Film war nicht schlecht. Er hat mir ganz gut gefallen.
schließlich,schließlich,Ich musste lange warten. Aber schließlich habe ich den Job doch noch bekommen.,Ich helfe dir natürlich. Du bist schließlich mein Freund.
schlimm,schlimm,Die Wunde sieht schlimm aus.,Keine Angst. Das ist nicht so schlimm.
schmal,schmal,Hier kannst du nicht parken. Die Straße ist zu schmal.
schmutzig,schmutzig,Leg bitte die schmutzige Wäsche in die Waschmaschine.,Das Handtuch ist schmutzig.
schnell,schnell,Warum fährst du so schnell?,Bitte sagen Sie mir so schnell wie möglich Bescheid.,"Ich bin gleich fertig, ich muss nur noch schnell telefonieren."
schon,schon,Ist das Essen schon fertig?,Mirko ist erst fünf. Aber er kann schon lesen.,Karl ist schon über 60. Aber er ist noch sehr fit.,"Mach schon, ich kann nicht länger warten.",Keine Sorge. Es wird schon klappen.,"Kommst du mit spazieren? – Ich hätte schon Lust, aber ich muss arbeiten.",Ich mag keine Kartoffeln. Und du? – Ich schon.
schön,schön,Ich finde eure Wohnung sehr schön.,Es ist schön heute.,Wir wünschen Ihnen einen schönen Aufenthalt in Kiel.,Schöne Grüße von Herrn Meier.,"Möchten Sie noch eine Tasse Kaffee? – Nein, danke schön.","Schön, dass du kommst.","Ich muss noch arbeiten. – Schön, dann bleiben wir zu Hause."
schrecklich,schrecklich,Heute ist eine schreckliche Hitze.,Das Restaurant war schrecklich voll.,Ich finde dieses Kleid schrecklich.,Auf der Autobahn ist ein schrecklicher Unfall passiert.
aufschreiben,aufschreiben,Ich habe mir deine Telefonnummer aufgeschrieben.
schriftlich,schriftlich,Die schriftliche Prüfung dauert einen halben Tag.,Wir brauchen von Ihnen eine schriftliche Bestätigung.,Sie müssen sich schriftlich anmelden.
schuld,schuld,Ich hatte einen Unfall. Aber ich war nicht schuld.
schuldig,schuldig,"Was bin ich Ihnen schuldig? – 50 Euro, bitte."
schwach,schwach,Ich bin noch nicht gesund. Ich fühle mich noch sehr schwach.,Die Tabletten sind zu schwach. Sie helfen nicht.
schwer,schwer,Der Koffer ist viel zu schwer.,Die Prüfung war schwer.,Das ist eine schwere Arbeit.,Dieses Wort ist schwer zu erklären.
Schwieger-,Schwieger-,Wir besuchen morgen meine Schwiegereltern.,Mein Schwiegervater ist Lehrer.,Ich verstehe mich gut mit meiner Schwiegertochter.
schwierig,schwierig,Die Prüfung war sehr schwierig.
sehr,sehr,Ich habe mich sehr über Ihren Besuch gefreut.,Hier ist Ihr Essen. - Danke sehr.,Das Wetter ist heute sehr schön.
seit,seit,Wir wohnen seit dem 1. März in Dortmund.,"Seit ich in Deutschland wohne, lerne ich Deutsch."
seitdem,seitdem,Ich bin vor zwei Jahren nach Deutschland gekommen. Seitdem lerne ich Deutsch.
selb-,selb-,Ich habe am selben Tag Geburtstag wie du.
selbst,selbst,Den Kuchen habe ich selbst gebacken.
selber,selber,Sie will das selber machen.
selbstständig,selbstständig,Jetzt bin ich angestellt. Früher war ich selbstständig.,"Wir suchen eine Sekretärin, die selbstständig arbeiten kann."
selbstverständlich,selbstverständlich,Selbstverständlich sagen wir Ihnen sofort Bescheid.
selten,selten,Ich gehe ganz selten ins Kino.
seltsam,seltsam,"Es ist seltsam, dass mein Bruder noch nicht hier ist.",Sie hörte ein seltsames Geräusch.
senkrecht,senkrecht,Ziehen Sie bitte eine senkrechte Linie.
sicher,sicher,Dieses Auto ist besonders sicher.,"Bist du sicher, dass die Bank heute geöffnet ist?",Das weiß ich ganz sicher.,Du bist jetzt sicher müde.
sichtbar,sichtbar,Es gibt keine sichtbaren Verletzungen. Aber wir müssen das Bein trotzdem untersuchen.
sinnlos,sinnlos,So ein sinnloses Buch habe ich schon lange nicht mehr gelesen.
sinnvoll,sinnvoll,"Es funktioniert einfach nicht. Es ist sinnvoll, es noch einmal zu versuchen."
so,so,Wie macht man das? – So!,Sie müssen das so machen. Nicht so!,Sie sind auch hier! So ein Zufall!,"Ich melde mich, so schnell ich kann.",Wann treffen wir uns? – So gegen 10 Uhr. Ist dir das recht?,Dauert es lange? – Eine Stunde oder so kann es schon dauern.,Ich hatte kein Geld dabei. Da haben sie mich so hineingelassen.,"So, jetzt bin ich fertig. Was machen wir jetzt?",Fahren Sie bitte nicht so schnell!, Meine Frau ist so groß wie ich., Was macht ihr denn so?
sobald,sobald,"Sobald ich den Termin weiß, gebe ich Ihnen Bescheid."
sodass,sodass,"Der Zug hatte zwei Stunden Verspätung, sodass ich erst um 23 Uhr nach Hause kam."
sofort,sofort,Warum sind Sie nicht sofort zum Arzt gegangen?,Karten für das Konzert bekommen Sie ab sofort im Kartenbüro.
sogenannt-,sogenannt-,"Studenten, die lange studieren, sind sogenannte Langzeitstudierende.",Wo bleiben denn deine sogenannten Freunde?
sogar,sogar,Auf dem Berg war es so kalt. Es hat sogar geschneit.
solange,solange,"Solange Sie Fieber haben, dürfen Sie auf keinen Fall arbeiten gehen."
solch-,solch-,Solche Schuhe finde ich toll.
sondern,sondern,"Unser Besuch kommt nicht heute, sondern morgen."
sonnig,sonnig,Das Wetter morgen: sonnig und warm.
sonst,sonst,"Haben sie sonst noch einen Wunsch? – Nein, danke. Das ist alles.","Wir müssen jetzt gehen, sonst wird es zu spät.",Heute ist der Chef nicht mehr da. Sonst ist er um diese Zeit immer im Büro.
soviel,soviel,"Soviel ich weiß, hat dieses Restaurant heute Ruhetag."
so viel/so viel wie,so viel/so viel wie,Ich habe so viel gegessen. Jetzt ist mir schlecht.,Ich verdiene nur halb so viel wie er.
sowieso,sowieso,Willst du mir den Brief mitgeben? Ich gehe sowieso zur Post.
sowohl … als auch,sowohl … als auch,Sowohl Sie als auch Ihre Frau müssen unterschreiben.
sozial,sozial,Das System ist nicht sozial.,Es gibt viele soziale Probleme.
spannend,spannend,Das Spiel war spannend bis zur letzten Minute.
sparsam,sparsam,Wir haben fünf Kinder. Wir müssen sehr sparsam sein.,Mein Auto ist sehr sparsam. Es verbraucht nur 5 Liter auf 100 km.
spät,spät,Wie spät ist es?,"Es ist schon spät, ich muss gehen.",Ich muss mich beeilen. Sonst komme ich zu spät.,Sonntags stehen wir immer spät auf.,Am späten Nachmittag ist der Verkehr besonders stark.,Können Sie später noch mal anrufen?,Was willst du denn später mal werden?
spätestens,spätestens,Ich muss spätestens um 9 Uhr bei der Arbeit sein.
"Speise-/-speise, -n","Speise-/-speise, -n","Als Vorspeise nehme ich eine Suppe, aber dafür nehme ich keine Nachspeise. (D, A)"
Spezial-,Spezial-,Ich brauche eine Spezialpflege für trockenes Haar.
speziell,speziell,Ich suche einen ganz speziellen Ring für meine Freundin.
spitz,spitz,Der Bleistift ist nicht spitz.
sportlich,sportlich,Ich bin nicht sehr sportlich.,Ich mag bequeme und sportliche Kleidung.
städtisch,städtisch,Ich gehe gern in die städtische Bibliothek.
ständig,ständig,Ich habe schon ein paar Mal bei meiner Freundin angerufen. Es ist ständig besetzt.
stark,stark,Der Kaffee ist sehr stark.,Am späten Nachmittag ist der Verkehr besonders stark.,Ich habe starke Kopfschmerzen.,Können Sie mir kein stärkeres Mittel verschreiben?,Es hat stark geregnet.
statistisch,statistisch,Die statistischen Ergebnisse zeigen eine gute Entwicklung.
statt,statt,Kann ich diese Woche statt Donnerstag am Freitag kommen?
stehen bleiben,stehen bleiben,Bitte bleiben Sie stehen.,Meine Uhr ist stehen geblieben.
steil,steil,Die Straße zu unserem Haus ist sehr steil.
stilistisch,stilistisch,Der Text ist stilistisch sehr schön.
still,still,Sei doch mal einen Moment still!,Maria kann nicht still sitzen.
stolz,stolz,Ich bin stolz auf dich. Das hast du sehr gut gemacht.
strafbar,strafbar,"Was du da machst, ist strafbar."
streng,streng,Unsere Tochter hat einen sehr strengen Lehrer.
stumm,stumm,Stell bitte dein Handy leise oder auf stumm.
süchtig,süchtig,Ich bin süchtig nach Schokolade.,Fernsehen kann süchtig machen.
super,super,Das war ein super Film!,Er kann super tanzen.,Weißt du was? Ich komme mit. – Super!
süß,süß,Ich esse gern süße Sachen.,Das ist aber ein süßes Baby!
sympathisch,sympathisch,Ich finde unsere neue Kollegin sehr sympathisch.
tatsächlich,tatsächlich,"Die Hose ist tatsächlich zu klein, obwohl sie so groß aussieht."
taub,taub,"Sie hört schlecht, sie ist schon fast taub.",Bist du taub? Ich spreche mit dir!
technisch,technisch,Es gab ein technisches Problem.,Sind Sie technisch interessiert?
Tee ziehen lassen,Tee ziehen lassen,Diesen Tee sollte man 10 Minuten ziehen lassen.
teuer,teuer,Ich finde das Geschäft nicht teuer.
theoretisch,theoretisch,Ich habe die theoretische Prüfung bestanden. Nach der praktischen habe ich den Führerschein.
tief,tief,"Vorsicht, Kinder! Das Wasser ist hier sehr tief.",Der Schrank ist drei Meter breit und 60 Zentimeter tief.,Bitte jetzt tief einatmen!
tödlich,tödlich,Dieses Gift kann für den Menschen tödlich sein.
tolerant,tolerant,Die Nachbarn hören oft laut Musik. Wir müssen sehr tolerant sein.
toll,toll,Ich habe mir ein tolles Kleid gekauft.,Unser Urlaub war toll.
tot,tot,Meine Großeltern sind schon lange tot.
total,total,Der Film war total langweilig.
traditionell,traditionell,Ich mag die traditionelle Küche.
Traum-,Traum-,Mein Traumberuf ist Feuerwehrmann.
traurig,traurig,Ich bin traurig. Ich darf nicht mitfahren.,Das war ein sehr trauriger Film.
getrennt leben,getrennt leben,Ich lebe getrennt von meiner Frau.
treu,treu,Herr Maier ist ein treuer Kunde von uns.
trocken,trocken,Die Wäsche ist noch nicht trocken.,Hoffentlich regnet es bald. Alles ist ganz trocken.,Bitte einen trockenen Wein.
trotz,trotz,Trotz Grippe bin ich zur Arbeit gegangen.
trotzdem,trotzdem,Es war ziemlich kalt. Trotzdem bin ich schwimmen gegangen.
typisch,typisch,Im Hotel gab es typisch deutsches Essen.,"Er kommt wieder zu spät, das ist typisch.",Diese Musik ist typisch für dieses Land.
üben,üben,Ich lerne gerade Gitarre spielen. Ich übe jeden Tag zwei Stunden.
über,über,Die Müllers wohnen direkt über uns.,"Pass bitte auf, wenn du über die Straße gehst.",Fahren Sie über Stuttgart oder über Würzburg?,Übers Wochenende fahren wir in die Berge.,Kinder über zehn Jahre müssen voll bezahlen.,Ich suche ein Buch über die deutsche Küche.
überall,überall,"Ich habe überall gesucht, aber meine Brille ist weg."
überhaupt,überhaupt,Die Suppe schmeckt mir überhaupt nicht.,Tut mir leid. Ich habe überhaupt keine Zeit.,Du willst mit meinem Auto fahren? Hast du überhaupt einen Führerschein?
übermorgen,übermorgen,Morgen kann ich nicht. Wir sehen uns übermorgen.
üblich,üblich,"In Deutschland ist es üblich, früh zu Abend zu essen."
übrig,übrig,Ist noch etwas zu essen übrig?
übrigens,übrigens,"Übrigens, kennst du schon die neuen Nachbarn?"
um,um,Wir treffen uns um 8 Uhr.,Die Apotheke ist gleich um die Ecke.,Die Benzinpreise sind schon wieder um 3 % gestiegen.
um … zu,um … zu,"Um gesund zu bleiben, musst du Sport machen und Gemüse essen."
umgekehrt,umgekehrt,"Nein, umgekehrt: erst der Vorname, dann der Nachname."
umso,umso,"Je früher wir dort sind, umso besser sind unsere Chancen auf einen guten Sitzplatz.","Ich kann dir nicht nur heute, sondern auch morgen helfen. – Umso besser!"
umsonst,umsonst,Ich musste nichts bezahlen. Die Reparatur war umsonst.,"Nichts hat geholfen, es war alles umsonst."
un-,un-,Der Verkäufer war sehr unfreundlich.,Dieses Geräusch ist mir unangenehm.,Er kam wie immer unpünktlich.
unbedingt,unbedingt,Ich muss unbedingt mit dir sprechen.
und,und,Ich habe heute und morgen frei.,Ich kaufe ein und mein Mann kocht.
ungefähr,ungefähr,"Wie weit ist es bis zum Bahnhof? – Nicht weit, ungefähr zehn Minuten zu Fuß."
ungewöhnlich,ungewöhnlich,"Ich finde diese Speise ungewöhnlich, aber sie schmeckt gut."
unglaublich,unglaublich,Es ist unglaublich. Schon wieder so ein Unglück.
unheimlich,unheimlich,Ich mag dieses Haus nicht. Es sieht unheimlich aus.,Diese Person ist mir unheimlich.,Lass uns umkehren. Mir wird im Dunkeln unheimlich.,Die Prüfung war unheimlich schwer.
unten,unten,"Wir wohnen im 3. Stock, meine Eltern unten im 1. Stock.",Sie ist mal kurz nach unten gegangen.
unter,unter,Unter uns wohnt eine Familie mit drei Kindern.,Die CDs sind im Regal unter dem Fernseher.
unter-,unter-,Mein Pass ist im unteren Regal.
untersagt,untersagt,"Es ist untersagt, hier zu rauchen."
unterschiedlich,unterschiedlich,"Mein Bruder und ich sind sehr unterschiedlich. Er interessiert sich für Mathematik, ich mich für Sprachen."
unterwegs,unterwegs,Warte auf mich. Ich bin unterwegs und komme gleich.,Unterwegs können wir noch etwas essen.,"Stell dir vor, der Brief war zwei Wochen unterwegs."
ursprünglich,ursprünglich,Ursprünglich wollte ich in einem Restaurant arbeiten. Aber dann bin ich Busfahrerin geworden.
vegetarisch,vegetarisch,Ich mag kein Fleisch. Ich esse am liebsten vegetarisch.,Haben Sie auch vegetarische Gerichte?
verabredet,verabredet,"Tut mir leid, ich habe keine Zeit. Ich bin mit meiner Freundin verabredet."
verantwortlich,verantwortlich,Sie sind für Ihre Kinder verantwortlich.
verboten,verboten,In den meisten Restaurants ist Rauchen verboten.
verdächtig,verdächtig,Die Tür war nicht abgeschlossen. Das ist verdächtig.,Haben Sie etwas Verdächtiges gesehen?
vergeblich,vergeblich,Ich habe vergeblich versucht dich anzurufen.
vergnügt,vergnügt,Er kam mit einem vergnügten Grinsen herein.
verheiratet,verheiratet,Mit wem sind Sie verheiratet?,Meine Eltern sind seit 30 Jahren verheiratet.
verliebt,verliebt,Ich bin in Francesco verliebt.
vermutlich,vermutlich,Vermutlich sagt er die Wahrheit.
vernünftig,vernünftig,Seien Sie doch vernünftig!,Das ist ein ganz vernünftiger Vorschlag.
verpflichtet,verpflichtet,"Sie sind verpflichtet, den Unfall zu melden."
verrückt,verrückt,Bist du verrückt geworden?!,So eine verrückte Idee.
verschieden,verschieden,Unsere beiden Kinder sind sehr verschieden.,Wir haben dieses Kleid in verschiedenen Farben.
verständlich,verständlich,"Nach acht Stunden Schule haben die Kinder keine Lust mehr, die Hausaufgaben zu machen. Ich finde das verständlich."
verwandt,verwandt,Sind Sie mit Frau Meyer verwandt?
viel/viele,viel/viele,Ich habe schon viel gelernt.,Ich wünsche Ihnen viel Spaß.,Hier regnet es viel.,Das ist mir viel zu teuer.,Im Winter sind viele Leute erkältet.
vielleicht,vielleicht,Kommst du mit in die Stadt? - Ich weiß noch nicht. Vielleicht.,Vielleicht bekomme ich den Job.,Die Fahrkarte war vielleicht teuer!,Hast du vielleicht Kleingeld für mich?
virtuell,virtuell,Auf dieser Website kann man an einer virtuellen Stadtrundfahrt teilnehmen.
voll,voll,Die Flasche ist noch ganz voll.,Vor den Feiertagen sind die Züge immer sehr voll.,Bitte unterschreiben Sie mit Ihrem vollen Namen.
völlig,völlig,Das halte ich für völlig ausgeschlossen.
von,von,Ich komme gerade vom Zahnarzt.,Emil ist ein Freund von mir.,Haben Sie noch eine Zeitung von heute?,Von jetzt an müssen wir sparen.,Das Büro ist von 13 bis 15 Uhr geschlossen.
voneinander,voneinander,Wir haben lange nichts voneinander gehört.
vor,vor,Ich bin vor einer Woche zurückgekommen.,Das Auto steht vor der Tür.,Ich konnte vor Schmerzen nicht schlafen.
vor allem,vor allem,"Grüßen Sie alle von mir, vor allem Frau Meier."
voraus,voraus,Gehen Sie schon voraus.,Ich danke Ihnen im Voraus für Ihre Mühe.
voraussichtlich,voraussichtlich,Der Zug hat voraussichtlich 20 Minuten Verspätung.
vorbei/vorbei-,vorbei/vorbei-,Die Linie 8 fährt am Krankenhaus vorbei.,Keine Sorge! Die Schmerzen sind in ein paar Minuten vorbei.,Kommst du um 3 Uhr bei mir vorbei?
vorder-,vorder-,In den vorderen Reihen sind noch Plätze frei.
vorgestern,vorgestern,Er hat mich vorgestern angerufen.
vorher,vorher,Ich komme mit ins Café. Vorher muss ich aber noch zur Bank.
vorhin,vorhin,Vorhin hat Heidrun angerufen. Du sollst sie zurückrufen.
vorläufig,vorläufig,Ich habe noch keine Wohnung. Ich wohne vorläufig bei einem Freund.,Das ist eine vorläufige Entscheidung.
"vorn, vorne","vorn, vorne",Bitte vorn beim Fahrer einsteigen!,"Zwei Kinokarten, bitte. – Wo möchten Sie sitzen, vorne oder hinten?",Das war noch nicht ganz richtig. Bitte noch mal von vorne.
vorsichtig,vorsichtig,"Bitte fahr vorsichtig, die Straße ist glatt."
vorwärts,vorwärts,Ich kann nicht vorbei. Bitte fahr noch ein Stück vorwärts.
waagerecht,waagerecht,Ziehen Sie bitte einen waagerechten Strich.
wach,wach,Bist du schon lange wach?,Ich bin gerade wach geworden.
wahnsinnig,wahnsinnig,Du fährst viel zu schnell. Bist du wahnsinnig?!,Diese Musik gefällt mir wahnsinnig gut.
wahr,wahr,"Was ich sage, ist wahr.",Es ist eine wahre Geschichte.,"Es ist doch schön hier, nicht wahr?"
während,während,"Während ich arbeite, höre ich oft Musik.",Während der Prüfung dürfen wir unsere Handys nicht benutzen.
wahrscheinlich,wahrscheinlich,Wahrscheinlich mache ich im Herbst noch einen Deutschkurs.
wann,wann,Wann kommst du?,"Wissen Sie, wann der Kurs beginnt?",Bis wann muss ich mich anmelden?,Ab wann haben Sie geöffnet?
warm,warm,Hier ist es sehr warm.,Abends essen wir oft warm.,Du musst dich warm anziehen.,Mittags möchte ich gern ein warmes Essen.,Für den Winter brauche ich einen warmen Pullover.
warum,warum,Warum besuchst du mich nicht?,"Ich weiß nicht, warum es hier so kalt ist."
was,was,Was ist das?,Was möchten Sie?,"Wissen Sie, was das ist?",Hast du schon (et)was gegessen?
was für ein-,was für ein-,Ich will mir ein Auto kaufen. – Was denn für eins?
weder … noch,weder … noch,Für Urlaub haben wir weder Zeit noch Geld.
weg/weg-,weg/weg-,Meine Handtasche ist weg!,Den Brief darfst du nicht wegwerfen.
wegen,wegen,Wegen Nebels konnte unser Flugzeug nicht landen.,Ich rufe wegen meiner Tochter an.
weiblich,weiblich,Kreuzen Sie bitte an: „weiblich“ oder „männlich“.
weich,weich,Ich möchte zum Frühstück ein weiches Ei.,Das Bett im Hotel war mir zu weich.
weil,weil,"Ich kann nicht kommen, weil ich krank bin."
-weise,-weise,War der Test schwierig? – Teilweise.,Das ist möglicherweise nicht so einfach.
weit,weit,Wie weit ist es noch bis München?,Wie weit sind Sie mit der Arbeit?,Die Jacke ist mir zu weit.
weiter/weiter-,weiter/weiter-,Ich möchte nicht stören. Bitte essen Sie ruhig weiter.,Haben Sie noch weitere Fragen?
"welcher, welche, welches","welcher, welche, welches",Welcher Tag ist heute?,Welchen Kurs hast du gemacht?
weltweit,weltweit,Unsere Firma produziert für den weltweiten Markt.,Das Zertifikat B1 wird weltweit angeboten.
wenig/wenige,wenig/wenige,Essen Sie immer so wenig?,Ich habe nur wenig geschlafen.,Hier gibt es nur wenige Geschäfte.
wenigstens,wenigstens,"Ich habe keinen Hunger. – Ach, essen Sie wenigstens ein Stück Kuchen."
wenn,wenn,"Kommst du zu der Party? - Vielleicht, wenn ich nicht arbeiten muss."
wer,wer,Wer ist das? Kennst du die Frau?,Wer will die Prüfung machen?
wert,wert,Das Auto ist vielleicht noch 1000 Euro wert.
wertlos,wertlos,Diese alten Geldscheine sind heute völlig wertlos.
wertvoll,wertvoll,Ich habe einen sehr wertvollen Ring von meiner Großmutter.
weshalb,weshalb,Weshalb rufst du an?,"Ich bekomme Besuch, weshalb ich leider nicht zur Party gehen werde."
wichtig,wichtig,Die Prüfung ist sehr wichtig für mich.,Morgen habe ich einen wichtigen Termin.
wie,wie,Wie heißt du?,Wie lange bist du schon hier?,Meine Frau ist so alt wie ich.,Wie schreibt man das?,Wie bitte?,Wie gefällt dir unsere Wohnung?
wieder/wieder-,wieder/wieder-,Wann kommst du wieder?,Meine Mutter war krank. Jetzt ist sie aber wieder gesund.,Mein Bruder kommt schon wieder zu spät.,Meine Eltern sind zu Besuch gekommen. Morgen fahren sie wieder zurück.
wild,wild,Das ist ein wilder Fluss.,Spielt nicht so wild!
wieso,wieso,Wie lange sind Sie hier? – Wieso fragen Sie?
wie viel(e),wie viel(e),Wie viel Geld hast du dabei?,Wie viel ist ein Euro hier wert?,Wie viele Kinder haben Sie?
willkommen,willkommen,Herzlich willkommen in Köln.
windig,windig,Es ist heute sehr windig.
wirklich,wirklich,Du glaubst mir nicht? Es ist aber wirklich so.,Im Bahnhofsrestaurant isst man wirklich sehr gut.
wo,wo,Wo waren Sie im Urlaub?,Wo wohnen Sie?,Wo ist denn meine Uhr?
woher,woher,Woher kommst du?,Unsere Nachbarn ziehen nach Berlin. – Woher wissen Sie das?
wohin,wohin,Wohin kommt der Schrank?,Wohin fährt dieser Bus?
wohl,wohl,Kann ich nach Hause gehen? Ich fühle mich nicht wohl.,Das wird wohl etwas länger dauern als geplant.
bewölkt,bewölkt,Heute ist es stark bewölkt.
worüber,worüber,Worüber lachen Sie?
worum,worum,Kann ich Herrn Meier sprechen? – Worum geht es denn?
wunderbar,wunderbar,Im ganzen Urlaub hatten wir wunderbares Wetter.,Diese Schokolade schmeckt wunderbar.
wunderschön,wunderschön,Wir haben einen Ausflug gemacht. Es war wunderschön.,Ich habe mir ein wunderschönes Kleid gekauft.
wütend,wütend,Warum bist du so wütend?
zahlreich,zahlreich,Die Gäste sind zahlreich gekommen. Es gibt zahlreiche Beispiele für gute Zusammenarbeit.
zurzeit,zurzeit,Zurzeit habe ich sehr viel zu tun.
zentral,zentral,Wir suchen eine Zweizimmerwohnung in zentraler Lage.
ziemlich,ziemlich,Ich bin schon ziemlich müde. Ich gehe ins Bett.,Ich musste beim Arzt ziemlich lange warten.
zu,zu,Ich bringe Sie zum Bahnhof.,Wann sind Sie zu Hause?,Am besten gehen Sie zu Fuß.,Gehen Ihre Kinder schon/noch zur Schule?,Das Kleid ist mir zu teuer.,Bitte zwanzig Briefmarken zu 55 Cent.,Ich trinke zum Essen ein Bier.,Unsere Mannschaft hat 2 zu 1 gewonnen.,"Ich habe vor, mir ein neues Auto zu kaufen.", Hast du etwas zu trinken für mich?
zuerst,zuerst,Wer war zuerst? – Der Herr hier.,Zuerst gibt es Mittagessen. Dann könnt ihr Schokolade essen.,Zuerst hat mir die Arbeit gar nicht gefallen. Jetzt geht es besser.
zufällig,zufällig,Wir haben uns zufällig am Bahnhof getroffen.,Hast du zufällig meine Brille gesehen?
zufrieden,zufrieden,Meine Kinder haben heute Zeugnisse bekommen. Ich bin zufrieden.,"Ich bin mit der Wohnung zufrieden. Sie ist nicht so groß, aber sie hat einen Balkon."
zugänglich,zugänglich,Der Park ist für alle zugänglich.
zukünftig,zukünftig,"Ich bitte dich, zukünftig früher zu kommen."
zuletzt,zuletzt,Die Kleider packen wir zuletzt ein.,Wir haben uns vor drei Jahren zuletzt gesehen.
zumindest,zumindest,"Ich möchte nicht in der Stadt wohnen, zumindest jetzt nicht, wenn die Kinder noch so klein sind."
zunächst,zunächst,Zunächst möchte ich alle begrüßen!
zurück/zurück-,zurück/zurück-,Bitte eine Fahrkarte nach Frankfurt und zurück!,Wann wirst du zurückkommen?,Wann muss ich das Buch zurückgeben?
zurzeit,zurzeit,Zurzeit ist kein Zimmer frei.
zusammen/zusammen-,zusammen/zusammen-,Wir haben als Kinder oft zusammen gespielt.,Zahlen bitte. - Zusammen oder getrennt?,Das macht zusammen 10 Euro 80.,Fuß und Ball musst du zusammenschreiben – Fußball!
zusätzlich,zusätzlich,Sie müssen in Zukunft eine Stunde zusätzlich arbeiten.
zuständig,zuständig,Wir haben ein Problem mit der Heizung. Wer ist dafür zuständig?
zuverlässig,zuverlässig,Der Kollege kommt bestimmt gleich. Er ist immer sehr zuverlässig.
zwar,zwar,"Diese Schuhe sind zwar teuer, aber gut.","Ich kriege jetzt doch eine Woche Urlaub, und zwar nächsten Monat."
zwischen,zwischen,Das Regal stellen wir zwischen die beiden Schränke.,Heidelberg liegt zwischen Frankfurt und Stuttgart.,Zwischen 8 und 10 Uhr bin ich zu Hause.
