first,second,third,fourth,english
sein,ist,war,gewesen,"to be"
haben,hat,hatte,gehabt,"to have"
werden,wird,wurde/ward,geworden,"to become, get"
können,kann,konnte,gekonnt,"to be able to, can"
müssen,muss,musste,gemusst,"to have to, must"
sagen,sagt,sagte,gesagt,"to say"
machen,macht,machte,gemacht,"to do, make"
geben,gibt,gab,gegeben,"to give"
kommen,kommt/kömmt,kam,gekommen,"to come"
sollen,soll,sollte,gesollt,"should, ought to"
wollen,will,wollte,gewollt,"to want to"
gehen,geht,ging,gegangen,"to go"
wissen,weiß,wusste,gewusst,"to know"
sehen,sieht,sah,gesehen,"to see"
lassen,lässt,ließ,gelassen,"to let, allow, have done"
stehen,steht,stand,gestanden,"to stand"
finden,findet,fand,gefunden,"to find"
bleiben,bleibt,blieb,geblieben,"to stay, remain"
liegen,liegt,lag,gelegen,"to lie"
heißen,heißt,hieß,geheißen,"to be called"
denken,denkt,dachte,gedacht,"to think"
nehmen,nimmt,nahm,genommen,"to take"
tun,tut,tat,getan,"to do"
dürfen,darf,durfte,gedurft,"to be allowed, may"
glauben,glaubt,glaubte,geglaubt,"to believe"
halten,hält,hielt,gehalten,"to stop, hold"
nennen,nennt,nannte,genannt,"name, call"
mögen,mag,mochte,gemocht,"to like"
zeigen,zeigt,zeigte,gezeigt,"to show"
führen,führt,führte,geführt,"to lead"
sprechen,spricht,sprach,gesprochen,"to speak"
bringen,bringt,brachte,gebracht,"to bring, take"
leben,lebt,lebte,gelebt,"to live"
fahren,fährt,fuhr,gefahren,"to drive, ride, go"
meinen,meint,meinte,gemeint,"to think, have an opinion"
fragen,fragt,fragte,gefragt,"to ask"
kennen,kennt,kannte,gekannt,"to know"
gelten,gilt,galt,gegolten,"to be valid"
stellen,stellt,stellte,gestellt,"to place, set"
spielen,spielt,spielte,gespielt,"to play"
arbeiten,arbeitet,arbeitete,gearbeitet,"to work"
brauchen,braucht,brauchte,gebraucht,"to need"
folgen,folgt,folgte,gefolgt,"to follow"
lernen,lernt,lernte,gelernt,"to learn"
bestehen,besteht,bestand,bestanden,"to exist, insist, pass (an exam)"
verstehen,versteht,verstand,verstanden,"to understand"
setzen,setzt,setzte,gesetzt,"to set, place, put"
bekommen,bekommt/bekömmt,bekam,bekommen,"to get, receive"
beginnen,beginnt,begann,begonnen,"to begin"
erzählen,erzählt,erzählte,erzählt,"to tell"
versuchen,versucht,versuchte,versucht,"to try, attempt"
schreiben,schreibt,schrieb,geschrieben,"to write"
laufen,läuft,lief,gelaufen,"to run"
erklären,erklärt,erklärte,erklärt,"to explain"
entsprechen,entspricht,entsprach,entsprochen,"to correspond"
sitzen,sitzt,saß,gesessen,"to sit"
ziehen,zieht,zog,gezogen,"to pull, move"
scheinen,scheint,schien,geschienen,"to shine, seem, appear"
fallen,fällt,fiel,gefallen,"to fall"
gehören,gehört,gehörte,gehört,"to belong"
entstehen,entsteht,entstand,entstanden,"to originate, develop"
erhalten,erhält,erhielt,erhalten,"to receive"
treffen,trifft,traf,getroffen,"to meet"
suchen,sucht,suchte,gesucht,"to search, look for"
legen,legt,legte,gelegt,"to lay, put"
vorstellen,stellt vor,stellte vor,vorgestellt,"to introduce, imagine"
handeln,handelt,handelte,gehandelt,"to deal, trade"
erreichen,erreicht,erreichte,erreicht,"to achieve, reach"
tragen,trägt,trug,getragen,"to carry, wear"
schaffen,schafft,schuf,geschaffen,"to manage, create"
lesen,liest,las,gelesen,"to read"
verlieren,verliert,verlor,verloren,"to lose"
darstellen,stellt dar,stellte dar,dargestellt,"to depict, portray"
erkennen,erkennt,erkannte,erkannt,"to recognize, admit"
entwickeln,entwickelt,entwickelte,entwickelt,"to develop"
reden,redet,redete,geredet,"to talk"
aussehen,sieht aus,sah aus,ausgesehen,"to appear, look"
erscheinen,erscheint,erschien,erschienen,"to appear"
bilden,bildet,bildete,gebildet,"to form, educate"
anfangen,fängt an,fing an,angefangen,"to begin"
erwarten,erwartet,erwartete,erwartet,"to expect"
wohnen,wohnt,wohnte,gewohnt,"to live"
betreffen,betrifft,betraf,betroffen,"to affect, concern"
warten,wartet,wartete,gewartet,"to wait"
vergehen,vergeht,verging,vergangen,"to pass (time)"
helfen,hilft,half,geholfen,"to help"
gewinnen,gewinnt,gewann,gewonnen,"to win, gain"
schließen,schließt,schloss,geschlossen,"to close"
fühlen,fühlt,fühlte,gefühlt,"to feel"
bieten,bietet,bot,geboten,"to offer"
interessieren,interessiert,interessierte,interessiert,"to interest"
erinnern,erinnert,erinnerte,erinnert,"to remind"
ergeben,ergibt,ergab,ergeben,"to result in"
anbieten,bietet an,bot an,angeboten,"to offer"
studieren,studiert,studierte,studiert,"to study"
verbinden,verbindet,verband,verbunden,"to connect, link"
ansehen,sieht an,sah an,angesehen,"to look at, watch"
fehlen,fehlt,fehlte,gefehlt,"to lack, be missing, be absent"
bedeuten,bedeutet,bedeutete,bedeutet,"to mean"
vergleichen,vergleicht,verglich,verglichen,"to compare"
steigen,steigt,stieg,gestiegen,"to climb, increase"
nutzen,nutzt,nutzte,genutzt,"to use"
schauen,schaut,schaute,geschaut,"to look"
verlassen,verlässt,verließ,verlassen,"to leave"
einsetzen,setzt ein,setzte ein,eingesetzt,"to put in, insert"
ändern,ändert,änderte,geändert,"to change"
wachsen,wächst,wuchs,gewachsen,"to grow"
ausgehen,geht aus,ging aus,ausgegangen,"to go out, assume"
geschehen,geschieht,geschah,geschehen,"to happen, occur"
beschreiben,beschreibt,beschrieb,beschrieben,"to describe"
annehmen,nimmt an,nahm an,angenommen,"to accept, assume"
kriegen,kriegt,kriegte,gekriegt,"to get, receive"
planen,plant,plante,geplant,"to plan"
wirken,wirkt,wirkte,gewirkt,"to have an effect, to work"
bezeichnen,bezeichnet,bezeichnete,bezeichnet,"to call, name"
befinden,befindet,befand,befunden,"to be"
passieren,passiert,passierte,passiert,"to take place, happen"
rufen,ruft,rief,gerufen,"to call, name"
aufnehmen,nimmt auf,nahm auf,aufgenommen,"to record, include"
zunehmen,nimmt zu,nahm zu,zugenommen,"to increase"
bestimmen,bestimmt,bestimmte,bestimmt,"to decide, determine"
fordern,fordert,forderte,gefordert,"to demand, claim"
gefallen,gefällt,gefiel,gefallen,"to please"
öffnen,öffnet,öffnete,geöffnet,"to open"
schlagen,schlägt,schlug,geschlagen,"to hit, beat"
treten,tritt,trat,getreten,"to step"
übernehmen,nimmt über,nahm über,übergenommen,"to take over"
verändern,verändert,veränderte,verändert,"to change"
lachen,lacht,lachte,gelacht,"to laugh"
verwenden,verwendet,verwendete,verwendet,"to use"
wählen,wählt,wählte,gewählt,"to choose, elect, vote"
erfolgen,erfolgt,erfolgte,erfolgt,"to take place, occur"
enthalten,enthält,enthielt,enthalten,"to contain"
betrachten,betrachtet,betrachtete,betrachtet,"to look at, consider"
entscheiden,entscheidet,entschied,entschieden,"to decide"
gelingen,gelingt,gelang,gelungen,"to succeed"
kaufen,kauft,kaufte,gekauft,"to buy"
erfahren,erfährt,erfuhr,erfahren,"to experience, find out"
vergessen,vergisst,vergaß,vergessen,"to forget"
stattfinden,findet statt,fand statt,stattgefunden,"to take place, occur"
bewegen,bewegt,bewegte,bewegt,"to move"
feststellen,stellt fest,stellte fest,festgestellt,"to establish, detect"
verschwinden,verschwindet,verschwand,verschwunden,"to disappear"
dienen,dient,diente,gedient,"to serve"
trinken,trinkt,trank,getrunken,"to drink"
auftreten,tritt auf,trat auf,aufgetreten,"to appear, occur"
stimmen,stimmt,stimmte,gestimmt,"to be correct, vote, tune"
verhalten,verhält,verhielt,verhalten,"to behave, react"
berichten,berichtet,berichtete,berichtet,"to report"
rechnen,rechnet,rechnete,gerechnet,"to calculate, do arithmetic"
beobachten,beobachtet,beobachtete,beobachtet,"to observe, watch"
erleben,erlebt,erlebte,erlebt,"to experience"
holen,holt,holte,geholt,"to get, fetch"
essen,isst,aß,gegessen,"to eat"
reichen,reicht,reichte,gereicht,"to reach, be enough"
sterben,stirbt,starb,gestorben,"to die"
unterscheiden,unterscheidet,unterschied,unterschieden,"to distinguish"
leisten,leistet,leistete,geleistet,"to achieve"
verlangen,verlangt,verlangte,verlangt,"to request, demand"
werfen,wirft,warf,geworfen,"to throw"
vorliegen,liegt vor,lag vor,vorgelegen,"to be, exist"
zählen,zählt,zählte,gezählt,"to count"
wünschen,wünscht,wünschte,gewünscht,"to want, wish"
bauen,baut,baute,gebaut,"to build"
hängen,hängt,hängte,gehängt,"to hang"
hoffen,hofft,hoffte,gehofft,"to hope"
freuen,freut,freute,gefreut,"to be happy"
teilen,teilt,teilte,geteilt,"to divide, share"
bezahlen,bezahlt,bezahlte,bezahlt,"to pay"
dauern,dauert,dauerte,gedauert,"to last, take time"
stecken,steckt,steckte,gesteckt,"to put, be located"
besuchen,besucht,besuchte,besucht,"to visit"
bitten,bittet,bat,gebeten,"to request, ask"
sorgen,sorgt,sorgte,gesorgt,"to worry, take care"
ankommen,kommt/kömmt an,kam an,angekommen,"to arrive"
beziehen,bezieht,bezog,bezogen,"to refer, put, get"
spüren,spürt,spürte,gespürt,"to sense, notice"
erhöhen,erhöht,erhöhte,erhöht,"to raise, increase"
melden,meldet,meldete,gemeldet,"to report, register"
melden,meldet,meldete,gemeldet,"to report, register"
vorkommen,kommt/kömmt vor,kam vor,vorgekommen,"to happen, occur, seem"
besitzen,besitzt,besaß,besessen,"to own, have"
betonen,betont,betonte,betont,"to stress"
erfüllen,erfüllt,erfüllte,erfüllt,"to grant, fulfill"
beteiligen,beteiligt,beteiligte,beteiligt,"to participate"
merken,merkt,merkte,gemerkt,"to notice, remember"
passen,passt,passte,gepasst,"to fit"
eignen,eignet,eignete,geeignet,"to be suitable"
richten,richtet,richtete,gerichtet,"to direct, repair, follow"
umfassen,umfasst,umfasste,umfasst,"to include, consist of"
schlafen,schläft,schlief,geschlafen,"to sleep"
unterstützen,unterstützt,unterstützte,unterstützt,"to support"
lächeln,lächelt,lächelte,gelächelt,"to smile"
beschäftigen,beschäftigt,beschäftigte,beschäftigt,"to employ, be busy, deal with"
lösen,löst,löste,gelöst,"to solve, loosen"
antworten,antwortet,antwortete,geantwortet,"to answer"
trennen,trennt,trennte,getrennt,"to separate"
einstellen,stellt ein,stellte ein,eingestellt,"to adjust, employ, stop"
lieben,liebt,liebte,geliebt,"to love"
durchführen,führt durch,führte durch,durchgeführt,"to be sufficient"
aufbauen,baut auf,baute auf,aufgebaut,"to build up"
bestätigen,bestätigt,bestätigte,bestätigt,"to confirm, endorse"
untersuchen,untersucht,untersuchte,untersucht,"to examine"
verkaufen,verkauft,verkaufte,verkauft,"to sell"
blicken,blickt,blickte,geblickt,"to look"
drücken,drückt,drückte,gedrückt,"to press, push"
eingehen,geht ein,ging ein,eingegangen,"to deal with, give attention"
erlauben,erlaubt,erlaubte,erlaubt,"to allow, permit"
ausreichen,reicht aus,reichte aus,ausgereicht,"to be sufficient"
schweigen,schweigt,schwieg,geschwiegen,"to remain silent"
behandeln,behandelt,behandelte,behandelt,"to treat"
treiben,treibt,trieb,getrieben,"to drive, pursue"
überzeugen,überzeugt,überzeugte,überzeugt,"to convince"
benutzen,benutzt,benutzte,benutzt,"to use"
drohen,droht,drohte,gedroht,"to threaten"
versprechen,verspricht,versprach,versprochen,"to promise"
entdecken,entdeckt,entdeckte,entdeckt,"to discover"
klingen,klingt,klang,geklungen,"to sound"
reagieren,reagiert,reagierte,reagiert,"to react"
kosten,kostet,kostete,gekostet,"to cost"
verdienen,verdient,verdiente,verdient,"to earn, deserve"
drehen,dreht,drehte,gedreht,"to turn"
überraschen,überrascht,überraschte,überrascht,"to surprise"
betreiben,betreibt,betrieb,betrieben,"proceed with, operate"
fliegen,fliegt,flog,geflogen,"to fly"
heben,hebt,hob/hub,gehoben,"to lift, raise"
stoßen,stößt,stieß,gestoßen,"to bump, push"
vertreten,vertritt,vertrat,vertreten,"to represent"
ermöglichen,ermöglicht,ermöglichte,ermöglicht,"to enable"
herstellen,stellt her,stellte her,hergestellt,"to produce"
leiden,leidet,litt,gelitten,"to suffer"
schicken,schickt,schickte,geschickt,"to send"
wechseln,wechselt,wechselte,gewechselt,"to change"
liefern,liefert,lieferte,geliefert,"to deliver, supply"
zahlen,zahlt,zahlte,gezahlt,"to pay"
benötigen,benötigt,benötigte,benötigt,"to require"
stammen,stammt,stammte,gestammt,"to come from, descend"
verhindern,verhindert,verhinderte,verhindert,"to prevent"
abschließen,schließt ab,schloss ab,abgeschlossen,"to lock, conclude"
reisen,reist,reiste,gereist,"to travel"
singen,singt,sang,gesungen,"to sing"
überlegen,überlegt,überlegte,überlegt,"to consider, think about"
erwähnen,erwähnt,erwähnte,erwähnt,"to mention"
greifen,greift,griff,gegriffen,"to take hold of, reach"
verzichten,verzichtet,verzichtete,verzichtet,"to do without"
aufgeben,gibt auf,gab auf,aufgegeben,"to give up"
betragen,beträgt,betrug,betragen,"to amount"
kochen,kocht,kochte,gekocht,"to cook"
angeben,gibt an,gab an,angegeben,"to claim, declare, show off"
begründen,begründet,begründete,begründet,"to justify"
einrichten,richtet ein,richtete ein,eingerichtet,"to furnish"
festhalten,hält fest,hielt fest,festgehalten,"to hold on to, detain"
geraten,gerät,geriet,geraten,"to get into"
verfügen,verfügt,verfügte,verfügt,"to have sth at one's disposal, be in charge"
schützen,schützt,schützte,geschützt,"to protect"
vorbereiten,bereitet vor,bereitete vor,vorbereitet,"to prepare"
wiederholen,holt wieder,holte wieder,wiedergeholt,"to repeat"
stören,stört,störte,gestört,"to disturb, bother"
feiern,feiert,feierte,gefeiert,"to celebrate"
vermitteln,vermittelt,vermittelte,vermittelt,"to arrange, find sth for sb"
berücksichtigen,berücksichtigt,berücksichtigte,berücksichtigt,"to consider"
ausschließen,schließt aus,schloss aus,ausgeschlossen,"to exclude, rule out"
diskutieren,diskutiert,diskutierte,diskutiert,"to discuss"
funktionieren,funktioniert,funktionierte,funktioniert,"to function, work"
gründen,gründet,gründete,gegründet,"to establish, found"
herrschen,herrscht,herrschte,geherrscht,"to rule"
schieben,schiebt,schob,geschoben,"to push"
behaupten,behauptet,behauptete,behauptet,"to claim"
erheben,erhebt,erhob/erhub,erhoben,"to raise"
verfolgen,verfolgt,verfolgte,verfolgt,"to pursue"
zurückkommen,kommt/kömmt zurück,kam zurück,zurückgekommen,"to return"
zwingen,zwingt,zwang,gezwungen,"to force"
ablehnen,lehnt ab,lehnte ab,abgelehnt,"to refuse, reject, turn down"
anwenden,wendet an,wandte an,angewandt/angewendet,"to apply, employ"
auftauchen,taucht auf,tauchte auf,aufgetaucht,"to surface, appear"
beeinflussen,beeinflusst,beeinflusste,beeinflusst,"to influence"
einfallen,fällt ein,fiel ein,eingefallen,"to occur, remind, collapse"
existieren,existiert,existierte,existiert,"to exist"
fördern,fördert,förderte,gefördert,"to promote, support"
ansprechen,spricht an,sprach an,angesprochen,"to address, speak"
beachten,beachtet,beachtete,beachtet,"to pay attention, observe"
empfinden,empfindet,empfand,empfunden,"to feel"
entfernen,entfernt,entfernte,entfernt,"to remove, leave"
schneiden,schneidet,schnitt,geschnitten,"to cut"
sichern,sichert,sicherte,gesichert,"to secure, safeguard"
wenden,wendet,wandte,gewandt,"to turn"
fassen,fasst,fasste,gefasst,"to grasp, hold"
informieren,informiert,informierte,informiert,"to inform"
kümmern,kümmert,kümmerte,gekümmert,"to take care of, be concerned"
nicken,nickt,nickte,genickt,"to nod"
organisieren,organisiert,organisierte,organisiert,"to organize"
prägen,prägt,prägte,geprägt,"to shape, mint"
sinken,sinkt,sank,gesunken,"to sink"
vermeiden,vermeidet,vermied,vermieden,"to avoid"
ankündigen,kündigt an,kündigte an,angekündigt,"to announce"
aufstehen,steht auf,stand auf,aufgestanden,"to stand up, get up"
verstärken,verstärkt,verstärkte,verstärkt,"to strengthen, reinforce"
vorsehen,sieht vor,sah vor,vorgesehen,"to plan, provide for"
beschränken,beschränkt,beschränkte,beschränkt,"to restrict"
verletzen,verletzt,verletzte,verletzt,"to injure"
begreifen,begreift,begriff,begriffen,"to understand, grasp"
einladen,lädt ein,lud ein,eingeladen,"to invite, load"
empfehlen,empfiehlt,empfahl,empfohlen,"to recommend"
eröffnen,eröffnet,eröffnete,eröffnet,"to open, start"
abhängen,hängt ab,hängte ab,abgehängt,"to depend"
anlegen,legt an,legte an,angelegt,"to put on, invest"
bemühen,bemüht,bemühte,bemüht,"to make an effort"
beschließen,beschließt,beschloss,beschlossen,"to decide"
konzentrieren,konzentriert,konzentrierte,konzentriert,"to concentrate"
leiten,leitet,leitete,geleitet,"to lead"
prüfen,prüft,prüfte,geprüft,"to examine, check"
schätzen,schätzt,schätzte,geschätzt,"to estimate, value"
unterhalten,unterhält,unterhielt,unterhalten,"to amuse oneself, chat"
verpflichten,verpflichtet,verpflichtete,verpflichtet,"to obligate, commit"
weitergehen,geht weiter,ging weiter,weitergegangen,"to go on"
zurückkehren,kehrt zurück,kehrte zurück,zurückgekehrt,"to return"
beitragen,trägt bei,trug bei,beigetragen,"to contribute"
brechen,bricht,brach,gebrochen,"to break"
definieren,definiert,definierte,definiert,"to define"
festlegen,legt fest,legte fest,festgelegt,"to fix, lay down"
orientieren,orientiert,orientierte,orientiert,"to orient"
schreien,schreit,schrie,geschrien,"to cry out, scream"
einnehmen,nimmt ein,nahm ein,eingenommen,"to take up, in"
präsentieren,präsentiert,präsentierte,präsentiert,"to present"
übertragen,überträgt,übertrug,übertragen,"to transfer"
anschauen,schaut an,schaute an,angeschaut,"to look at, watch"
bemerken,bemerkt,bemerkte,bemerkt,"to notice"
füllen,füllt,füllte,gefüllt,"to fill"
verteilen,verteilt,verteilte,verteilt,"to distribute"
vornehmen,nimmt vor,nahm vor,vorgenommen,"to plan"
abnehmen,nimmt ab,nahm ab,abgenommen,"to decrease, reduce"
aufweisen,weist auf,wies auf,aufgewiesen,"to show, exhibit, contain"
heiraten,heiratet,heiratete,geheiratet,"to marry"
messen,misst,maß,gemessen,"to measure"
nachdenken,denkt nach,dachte nach,nachgedacht,"to think about, reflect"
verbessern,verbessert,verbesserte,verbessert,"to improve, correct"
erzielen,erzielt,erzielte,erzielt,"to achieve, reach"
hereinkommen,kommt/kömmt herein,kam herein,hereingekommen,"to come in"
sammeln,sammelt,sammelte,gesammelt,"to collect, gather"
auslösen,löst aus,löste aus,ausgelöst,"to set off, provoke"
durchsetzen,setzt durch,setzte durch,durchgesetzt,"to carry through, enforce"
ersetzen,ersetzt,ersetzte,ersetzt,"to replace, reimburse"
formulieren,formuliert,formulierte,formuliert,"to formulate"
kämpfen,kämpft,kämpfte,gekämpft,"to fight"
warnen,warnt,warnte,gewarnt,"to warn"
drängen,drängt,drängte,gedrängt,"to push, insist"
verbringen,verbringt,verbrachte,verbracht,"to spend time"
ausmachen,macht aus,machte aus,ausgemacht,"to put out, agree"
binden,bindet,band,gebunden,"to tie, bind"
erfassen,erfasst,erfasste,erfasst,"to grasp"
gestalten,gestaltet,gestaltete,gestaltet,"to shape, design"
hinweisen,weist hin,wies hin,hingewiesen,"to point to, refer to"
regeln,regelt,regelte,geregelt,"to control, put in order"
zulassen,lässt zu,ließ zu,zugelassen,"to allow, admit"
anrufen,ruft an,rief an,angerufen,"to call"
anziehen,zieht an,zog an,angezogen,"to attract, put on, dress"
beenden,beendet,beendete,beendet,"to end"
reduzieren,reduziert,reduzierte,reduziert,"to reduce, decrease"
scheitern,scheitert,scheiterte,gescheitert,"to fail, break down"
teilnehmen,nimmt teil,nahm teil,teilgenommen,"to take part"
angehen,geht an,ging an,angegangen,"to concern, go on"
aufhören,hört auf,hörte auf,aufgehört,"to stop"
äußern,äußert,äußerte,geäußert,"to express, voice"
einführen,führt ein,führte ein,eingeführt,"to introduce, import"
pflegen,pflegt,pflegte,gepflegt,"to care, cultivate"
versichern,versichert,versicherte,versichert,"to insure, assert"
begleiten,begleitet,begleitete,begleitet,"to accompany"
begrenzen,begrenzt,begrenzte,begrenzt,"to limit, restrict"
besetzen,besetzt,besetzte,besetzt,"to occupy, fill"
gelangen,gelangt,gelangte,gelangt,"to reach"
reißen,reißt,riss,gerissen,"to tear"
verweisen,verweist,verwies,verwiesen,"to refer"
akzeptieren,akzeptiert,akzeptierte,akzeptiert,"to accept"
bestellen,bestellt,bestellte,bestellt,"to order, reserve"
erweisen,erweist,erwies,erwiesen,"to prove"
erweitern,erweitert,erweiterte,erweitert,"to widen, expand"
fürchten,fürchtet,fürchtete,gefürchtet,"to fear"
produzieren,produziert,produzierte,produziert,"to produce"
springen,springt,sprang,gesprungen,"to jump"
starten,startet,startete,gestartet,"to start"
überprüfen,überprüft,überprüfte,überprüft,"to check"
aufstellen,stellt auf,stellte auf,aufgestellt,"to put up, draw up"
ermitteln,ermittelt,ermittelte,ermittelt,"to find out, investigate"
kritisieren,kritisiert,kritisierte,kritisiert,"to criticize"
zerstören,zerstört,zerstörte,zerstört,"to destroy"
ablaufen,läuft ab,lief ab,abgelaufen,"to run out, expire"
berechnen,berechnet,berechnete,berechnet,"to calculate, charge"
eintreten,tritt ein,trat ein,eingetreten,"to enter, join, occur"
ergänzen,ergänzt,ergänzte,ergänzt,"to add, complete"
erwerben,erwirbt,erwarb,erworben,"to acquire, purchase"
üben,übt,übte,geübt,"to practice"
zurückgehen,geht zurück,ging zurück,zurückgegangen,"to go back, decrease"
anschließen,schließt an,schloss an,angeschlossen,"to join, chain to, connect"
ausdrücken,drückt aus,drückte aus,ausgedrückt,"to express"
schießen,schießt,schoss,geschossen,"to shoot"
streichen,streicht,strich,gestrichen,"to paint, cancel"
bedürfen,bedarf,bedurfte,bedurft,"to require"
behalten,behält,behielt,behalten,"to keep"
belegen,belegt,belegte,belegt,"to register, prove, cover"
herauskommen,kommt/kömmt heraus,kam heraus,herausgekommen,"to come out"
hören,hört,hörte,gehört,"to hear"
lauten,lautet,lautete,gelautet,"to be (answer)"
stürzen,stürzt,stürzte,gestürzt,"to fall, stumble"
umgehen,geht um,ging um,umgegangen,"to treat, handle"
verlaufen,verläuft,verlief,verlaufen,"to proceed, get lost"
vermuten,vermutet,vermutete,vermutet,"to assume, suspect"
zukommen,kommt/kömmt zu,kam zu,zugekommen,"to come towards, be in store"
absehen,sieht ab,sah ab,abgesehen,"to foresee, be in sight"
auffallen,fällt auf,fiel auf,aufgefallen,"to stand out, notice"
beweisen,beweist,bewies,bewiesen,"to prove"
überleben,überlebt,überlebte,überlebt,"to survive"
ausüben,übt aus,übte aus,ausgeübt,"to practice, exercise, exert"
betreten,betritt,betrat,betreten,"to enter, walk into, onto"
erzeugen,erzeugt,erzeugte,erzeugt,"to produce, generate"
landen,landet,landete,gelandet,"to land"
realisieren,realisiert,realisierte,realisiert,"to realize, bring about"
retten,rettet,rettete,gerettet,"to save, rescue"
verbergen,verbirgt,verbarg,verborgen,"to hide, conceal"
verbreiten,verbreitet,verbreitete,verbreitet,"to spread"
begegnen,begegnet,begegnete,begegnet,"to meet, come across"
brennen,brennt,brannte,gebrannt,"to burn"
erfordern,erfordert,erforderte,erfordert,"to require, demand"
erschrecken,erschrickt,erschrak,erschrocken,"to frighten, be startled"
packen,packt,packte,gepackt,"to pack, grab"
schenken,schenkt,schenkte,geschenkt,"to give as a present"
schütteln,schüttelt,schüttelte,geschüttelt,"to shake"
senken,senkt,senkte,gesenkt,"to sink, lower, decrease"
zurückziehen,zieht zurück,zog zurück,zurückgezogen,"to withdraw"
anerkennen,erkennt an,erkannte an,anerkannt,"to recognize, accept"
beurteilen,beurteilt,beurteilte,beurteilt,"to assess, judge"
erleichtern,erleichtert,erleichterte,erleichtert,"to relieve, make easier"
genießen,genießt,genoss,genossen,"to enjoy, relish"
unterrichten,unterrichtet,unterrichtete,unterrichtet,"to teach"
wahrnehmen,nimmt wahr,nahm wahr,wahrgenommen,"to perceive, detect"
belasten,belastet,belastete,belastet,"to load, burden"
fließen,fließt,floss,geflossen,"to flow"
kontrollieren,kontrolliert,kontrollierte,kontrolliert,"to check, control"
nachweisen,weist nach,wies nach,nachgewiesen,"to prove"
unterbrechen,unterbricht,unterbrach,unterbrochen,"to interrupt"
vertrauen,vertraut,vertraute,vertraut,"to trust"
verursachen,verursacht,verursachte,verursacht,"to cause"
vorschlagen,schlägt vor,schlug vor,vorgeschlagen,"to suggest"
aussprechen,spricht aus,sprach aus,ausgesprochen,"to pronounce, express"
bedienen,bedient,bediente,bedient,"to serve, operate"
beherrschen,beherrscht,beherrschte,beherrscht,"to control, have"
einschränken,schränkt ein,schränkte ein,eingeschränkt,"to restrict, reduce"
leuchten,leuchtet,leuchtete,geleuchtet,"to shine, glow"
mitnehmen,nimmt mit,nahm mit,mitgenommen,"to take along"
rücken,rückt,rückte,gerückt,to move
töten,tötet,tötete,getötet,"to kill"
verabschieden,verabschiedet,verabschiedete,verabschiedet,"to say goodbye, pass"
verbieten,verbietet,verbot,verboten,"to forbid, prohibit"
vorlegen,legt vor,legte vor,vorgelegt,"to present, provide, produce"
zusammenfassen,fasst zusammen,fasste zusammen,zusammengefasst,"to summarize"
ausrichten,richtet aus,richtete aus,ausgerichtet,"to tell, align, line up"
bedingen,bedingt,bedingte,bedingt,"to cause"
fortsetzen,setzt fort,setzte fort,fortgesetzt,"to continue"
integrieren,integriert,integrierte,integriert,"to integrate"
klappen,klappt,klappte,geklappt,"to fold, go as planned, work out"
starren,starrt,starrte,gestarrt,"to stare"
waschen,wäscht,wusch,gewaschen,"to wash"
anhalten,hält an,hielt an,angehalten,"to stop, last"
ausbilden,bildet aus,bildete aus,ausgebildet,"to train, instruct, educate"
beantworten,beantwortet,beantwortete,beantwortet,"to answer"
einkaufen,kauft ein,kaufte ein,eingekauft,"to shop"
erläutern,erläutert,erläuterte,erläutert,"to explain"
gucken,guckt,guckte,geguckt,"to look at, watch"
mitbringen,bringt mit,brachte mit,mitgebracht,"to bring"
unternehmen,unternimmt,unternahm,unternommen,"to do, go on, take steps"
verraten,verrät,verriet,verraten,"to tell a secret, give away, betray"
verstecken,versteckt,versteckte,versteckt,"to hide"
zeichnen,zeichnet,zeichnete,gezeichnet,"to draw"
anstreben,strebt an,strebte an,angestrebt,"to aim at, strive"
auflösen,löst auf,löste auf,aufgelöst,"to dissolve"
ausführen,führt aus,führte aus,ausgeführt,"to carry out"
beruhigen,beruhigt,beruhigte,beruhigt,"to calm"
fügen,fügt,fügte,gefügt,"to add, submit"
hingehen,geht hin,ging hin,hingegangen,"to go there"
mitteilen,teilt mit,teilte mit,mitgeteilt,"to inform"
schwimmen,schwimmt,schwamm,geschwommen,"to swim"
vereinbaren,vereinbart,vereinbarte,vereinbart,"to agree"
begeistern,begeistert,begeisterte,begeistert,"to inspire, be enthusiastic"
betreuen,betreut,betreute,betreut,"to look after, take care"
deuten,deutet,deutete,gedeutet,"to indicate, interpret"
enden,endet,endete,geendet,"to end"
malen,malt,malte,gemalt,"to paint"
probieren,probiert,probierte,probiert,"to try"
sparen,spart,sparte,gespart,"to save"
steuern,steuert,steuerte,gesteuert,"to steer, control"
übersetzen,übersetzt,übersetzte,übersetzt,"to translate"
umsetzen,setzt um,setzte um,umgesetzt,"to move, to put into practice"
wagen,wagt,wagte,gewagt,"to dare, risk"
weinen,weint,weinte,geweint,"to cry, weep"
anzeigen,zeigt an,zeigte an,angezeigt,"to report, sue, indicate"
auffordern,fordert auf,forderte auf,aufgefordert,"to ask, request"
auswählen,wählt aus,wählte aus,ausgewählt,"to choose, select"
begrüßen,begrüßt,begrüßte,begrüßt,"to greet"
eintragen,trägt ein,trug ein,eingetragen,"to enter, record, register"
enttäuschen,enttäuscht,enttäuschte,enttäuscht,"to disappoint"
stützen,stützt,stützte,gestützt,"to support, base on"
träumen,träumt,träumte,geträumt,"to dream"
umdrehen,dreht um,drehte um,umgedreht,"to turn over, turn round"
veröffentlichen,veröffentlicht,veröffentlichte,veröffentlicht,"to publish"
voraussetzen,setzt voraus,setzte voraus,vorausgesetzt,"presuppose, take for granted"
zugeben,gibt zu,gab zu,zugegeben,"to admit"
achten,achtet,achtete,geachtet,"to respect, pay attention"
ansetzen,setzt an,setzte an,angesetzt,"to position, estimate, fix"
befürchten,befürchtet,befürchtete,befürchtet,"to fear"
zuhören,hört zu,hörte zu,zugehört,"to listen"
zusammenhängen,hängt zusammen,hing zusammen,zusammengehangen,"to be connected"
aufwachsen,wächst auf,wuchs auf,aufgewachsen,"to grow up"
bevorzugen,bevorzugt,bevorzugte,bevorzugt,"to prefer"
kennzeichnen,kennzeichnet,kennzeichnete,gekennzeichnet,"to characterize, mark"
zitieren,zitiert,zitierte,zitiert,"to quote"
entschuldigen,entschuldigt,entschuldigte,entschuldigt,"to excuse, apologize"
erledigen,erledigt,erledigte,erledigt,"to settle, take care"
gefährden,gefährdet,gefährdete,gefährdet,"to endanger"
tanzen,tanzt,tanzte,getanzt,"to dance"
wandern,wandert,wanderte,gewandert,"to go on a walk or hike, migrate"
anpassen,passt an,passte an,angepasst,"to adjust, adapt"
ausgeben,gibt aus,gab aus,ausgegeben,"to spend"
aussetzen,setzt aus,setzte aus,ausgesetzt,"to abandon"
beeindrucken,beeindruckt,beeindruckte,beeindruckt,"to impress"
beraten,berät,beriet,beraten,"to advise, discuss"
erstellen,erstellt,erstellte,erstellt,"to build, draw up, produce"
gewähren,gewährt,gewährte,gewährt,"to grant, give"
klären,klärt,klärte,geklärt,"to clear up, clarify"
speichern,speichert,speicherte,gespeichert,"to store, save"
zuordnen,ordnet zu,ordnete zu,zugeordnet,"to assign, classify"
aufheben,hebt auf,hob/hub auf,aufgehoben,"to pick up, keep, lift"
befassen,befasst,befasste,befasst,"to deal"
befragen,befragt,befragte,befragt,"to ask, question"
engagieren,engagiert,engagierte,engagiert,"to commit"
entschließen,entschließt,entschloss,entschlossen,"to decide"
garantieren,garantiert,garantierte,garantiert,"to guarantee"
lehren,lehrt,lehrte,gelehrt,"to teach"
steigern,steigert,steigerte,gesteigert,"to increase, raise"
versorgen,versorgt,versorgte,versorgt,"to supply, look after"
berechtigen,berechtigt,berechtigte,berechtigt,"to entitle"
mischen,mischt,mischte,gemischt,"to mix, blend"
rühren,rührt,rührte,gerührt,"to stir, move"
vereinigen,vereinigt,vereinigte,vereinigt,"to unite"
wecken,weckt,weckte,geweckt,"to wake up"
angucken,guckt an,guckte an,angeguckt,"to look"
anhören,hört an,hörte an,angehört,"to listen to"
anstellen,stellt an,stellte an,angestellt,"to employ, line up, get into mischief"
aufführen,führt auf,führte auf,aufgeführt,"to perform"
bedenken,bedenkt,bedachte,bedacht,"to consider"
beruhen,beruht,beruhte,beruht,"to be based"
bewirken,bewirkt,bewirkte,bewirkt,"to cause"
einbringen,bringt ein,brachte ein,eingebracht,"to bring in, contribute"
herausstellen,stellt heraus,stellte heraus,herausgestellt,"to emphasize, come to light"
investieren,investiert,investierte,investiert,"to invest"
rechtfertigen,rechtfertigt,rechtfertigte,gerechtfertigt,"to justify"
verlieben,verliebt,verliebte,verliebt,"to fall in love"
antreten,tritt an,trat an,angetreten,"to take up, start"
aufpassen,passt auf,passte auf,aufgepasst,"to pay attention, take care"
aufsteigen,steigt auf,stieg auf,aufgestiegen,"to get on, rise"
befreien,befreit,befreite,befreit,"to free"
besprechen,bespricht,besprach,besprochen,"to discuss"
einziehen,zieht ein,zog ein,eingezogen,"to move in"
finanzieren,finanziert,finanzierte,finanziert,"to finance"
riechen,riecht,roch,gerochen,"to smell"
testen,testet,testete,getestet,"to test"
überlassen,lässt über,ließ über,übergelassen,"to leave"
unterliegen,unterliegt,unterlag,unterlegen,"to be defeated, be subject"
verschieben,verschiebt,verschob,verschoben,"to move, postpone"
vorgeben,gibt vor,gab vor,vorgegeben,"to use as an excuse, to set in advance"
vorhaben,hat vor,hatte vor,vorgehabt,"to have in mind, be planning, intend"
zögern,zögert,zögerte,gezögert,"to hesitate"
ableiten,leitet ab,leitete ab,abgeleitet,"to derive, deduce"
aufhalten,hält auf,hielt auf,aufgehalten,"to stop, hold up, delay"
ausstatten,stattet aus,stattete aus,ausgestattet,"to furnish, provide"
berühren,berührt,berührte,berührt,"to touch"
einräumen,räumt ein,räumte ein,eingeräumt,"to put away, admit, concede"
empfangen,empfängt,empfing,empfangen,"to receive"
entlassen,entlässt,entließ,entlassen,"to dismiss, fire"
ergreifen,ergreift,ergriff,ergriffen,"to grab, seize"
erteilen,erteilt,erteilte,erteilt,"to give"
regieren,regiert,regierte,regiert,"to rule, govern"
stärken,stärkt,stärkte,gestärkt,"to strengthen"
trauen,traut,traute,getraut,"to trust, dare to"
wehren,wehrt,wehrte,gewehrt,"to defend oneself"
weisen,weist,wies,gewiesen,"to point"
widmen,widmet,widmete,gewidmet,"to dedicate"
zugehen,geht zu,ging zu,zugegangen,"to approach, close"
zurückführen,führt zurück,führte zurück,zurückgeführt,"to attribute, trace back"
ahnen,ahnt,ahnte,geahnt,"to suspect"
analysieren,analysiert,analysierte,analysiert,"to analyze"
aufgehen,geht auf,ging auf,aufgegangen,"to rise, open"
aussuchen,sucht aus,suchte aus,ausgesucht,"to choose"
ausziehen,zieht aus,zog aus,ausgezogen,"to move out, undress, to take off clothes"
erarbeiten,erarbeitet,erarbeitete,erarbeitet,"to work for, out"
lohnen,lohnt,lohnte,gelohnt,"to be worth it"
schalten,schaltet,schaltete,geschaltet,"to switch, shift"
verarbeiten,verarbeitet,verarbeitete,verarbeitet,"to use, process, assimilate"
versehen,versieht,versah,versehen,"to perform, provide"
wundern,wundert,wunderte,gewundert,"to surprise"
abbauen,baut ab,baute ab,abgebaut,"to reduce, dismantle"
abwarten,wartet ab,wartete ab,abgewartet,"to wait, wait out"
ausfallen,fällt aus,fiel aus,ausgefallen,"to drop out, be cancelled"
einbauen,baut ein,baute ein,eingebaut,"to install, build in, fit"
einbeziehen,bezieht ein,bezog ein,einbezogen,"to include"
interpretieren,interpretiert,interpretierte,interpretiert,"to interpret"
neigen,neigt,neigte,geneigt,"to bend, to lean"
ordnen,ordnet,ordnete,geordnet,"to arrange, sort"
raten,rät,riet,geraten,"to advise, guess"
schmecken,schmeckt,schmeckte,geschmeckt,"to taste"
vergeben,vergibt,vergab,vergeben,"to award, allocate, forgive, give away"
zusammensetzen,setzt zusammen,setzte zusammen,zusammengesetzt,"to put together"
ablegen,legt ab,legte ab,abgelegt,"take off, put, file"
abstimmen,stimmt ab,stimmte ab,abgestimmt,"to vote, coordinate"
anregen,regt an,regte an,angeregt,"to encourage, suggest, stimulate"
ärgern,ärgert,ärgerte,geärgert,"to annoy"
aufregen,regt auf,regte auf,aufgeregt,"to excite, upset, annoy"
ausbauen,baut aus,baute aus,ausgebaut,"to extend, improve"
ausweisen,weist aus,wies aus,ausgewiesen,"to identify, expel"
bedecken,bedeckt,bedeckte,bedeckt,"to cover"
bereiten,bereitet,bereitete,bereitet,"to make, cause"
beugen,beugt,beugte,gebeugt,"to bend"
entziehen,entzieht,entzog,entzogen,"to take away, remove"
erbringen,erbringt,erbrachte,erbracht,"to raise, produce"
erfinden,erfindet,erfand,erfunden,"to invent"
faszinieren,fasziniert,faszinierte,fasziniert,"to fascinate"
gewöhnen,gewöhnt,gewöhnte,gewöhnt,"to get used to"
grinsen,grinst,grinste,gegrinst,"to grin"
herkommen,kommt/kömmt her,kam her,hergekommen,"to come here"
klagen,klagt,klagte,geklagt,"to complain"
klopfen,klopft,klopfte,geklopft,"to knock, beat"
mangeln,mangelt,mangelte,gemangelt,"to lack, be missing"
rauchen,raucht,rauchte,geraucht,"to smoke"
rollen,rollt,rollte,gerollt,"to roll"
vereinen,vereint,vereinte,vereint,"to unite"
versetzen,versetzt,versetzte,versetzt,"to move, transfer"
vorübergehen,geht vorüber,ging vorüber,vorübergegangen,"to pass by"
zustimmen,stimmt zu,stimmte zu,zugestimmt,"to agree, consent"
absolvieren,absolviert,absolvierte,absolviert,"to complete, graduate"
atmen,atmet,atmete,geatmet,"to breathe"
errichten,errichtet,errichtete,errichtet,"to build, erect"
herausfinden,findet heraus,fand heraus,herausgefunden,"to find out"
laden,lädt,lud,geladen,to load
lehnen,lehnt,lehnte,gelehnt,"to lean"
qualifizieren,qualifiziert,qualifizierte,qualifiziert,"to qualify"
überwinden,überwindet,überwand,überwunden,"to overcome"
verleihen,verleiht,verlieh,verliehen,"to rent, award"
vermögen,vermag,vermochte,vermocht,to be capable
vorgehen,geht vor,ging vor,vorgegangen,"to go on ahead, be fast, have priority"
zutreffen,trifft zu,traf zu,zugetroffen,"to be correct, apply to"
aufbringen,bringt auf,brachte auf,aufgebracht,"to raise, find"
aufmachen,macht auf,machte auf,aufgemacht,"to open"
auswirken,wirkt aus,wirkte aus,ausgewirkt,"to have an effect"
bearbeiten,bearbeitet,bearbeitete,bearbeitet,"to work on, revise"
bedrohen,bedroht,bedrohte,bedroht,"to threaten"
bewerben,bewirbt,bewarb,beworben,"to apply"
bewerten,bewertet,bewertete,bewertet,"to assess, judge"
decken,deckt,deckte,gedeckt,"to cover"
differenzieren,differenziert,differenzierte,differenziert,"to differentiate"
einsteigen,steigt ein,stieg ein,eingestiegen,"to board, get in"
eintreffen,trifft ein,traf ein,eingetroffen,"to arrive, come true, happen"
entnehmen,entnimmt,entnahm,entnommen,"to take, extract, infer"
erlernen,erlernt,erlernte,erlernt,"to learn"
hinterlassen,hinterlässt,hinterließ,hinterlassen,"to leave"
loben,lobt,lobte,gelobt,"to praise"
murmeln,murmelt,murmelte,gemurmelt,"to murmur, mutter"
registrieren,registriert,registrierte,registriert,to register
rennen,rennt,rannte,gerrant,to run
senden,sendet,sandte/sendete,gesandt/gesendet,"to send, to broadcast"
übergehen,geht über,ging über,übergegangen,"to pass into, to ignore"
verbleiben,verbleibt,verblieb,verblieben,"to remain"
verlängern,verlängert,verlängerte,verlängert,"to lengthen, extend"
vermissen,vermisst,vermisste,vermisst,"to miss"
verschließen,verschließt,verschloss,verschlossen,"to close, lock"
verurteilen,verurteilt,verurteilte,verurteilt,"to condemn"
vollziehen,vollzieht,vollzog,vollzogen,"to carry out"
vorziehen,zieht vor,zog vor,vorgezogen,"to prefer"
zucken,zuckt,zuckte,gezuckt,"to twitch, shrug"
zusammenarbeiten,arbeitet zusammen,arbeitete zusammen,zusammengearbeitet,"to cooperate"
zuwenden,wendet zu,wandte zu,zugewandt,"to turn towards, devote oneself to"
abbrechen,bricht ab,brach ab,abgebrochen,"to break off, stop"
aufkommen,kommt/kömmt auf,kam auf,aufgekommen,"to come up, arise, pay for"
bewahren,bewahrt,bewahrte,bewahrt,"to keep, protect"
dominieren,dominiert,dominierte,dominiert,"to dominate"
einhalten,hält ein,hielt ein,eingehalten,"to observe"
einschalten,schaltet ein,schaltete ein,eingeschaltet/eingeschalten,"to switch on"
fangen,fängt,fing,gefangen,"to catch"
gewährleisten,gewährleistet,gewährleistete,gewährleistet,"to guarantee"
identifizieren,identifiziert,identifizierte,identifiziert,"to identify"
klettern,klettert,kletterte,geklettert,"to climb"
küssen,küsst,küsste,geküsst,"to kiss"
nähern,nähert,näherte,genähert,"to approach"
profitieren,profitiert,profitierte,profitiert,"to profit"
scheiden,scheidet,schied,geschieden,"to separate, divorce"
streiten,streitet,stritt,gestritten,"to quarrel"
überschreiten,überschreitet,überschritt,überschritten,"to exceed"
verstorben,verstirbt,verstarb,verstorben,"to pass away"
vorwerfen,wirft vor,warf vor,vorgeworfen,"to accuse, reproach"
winken,winkt,winkte,gewinkt/gewunken,"to wave"
zittern,zittert,zitterte,gezittert,"to tremble"
zurückhalten,hält zurück,hielt zurück,zurückgehalten,"to hold back, restrain"
angreifen,greift an,griff an,angegriffen,"to attack"
ansteigen,steigt an,stieg an,angestiegen,"to rise, go up"
ausbreiten,breitet aus,breitete aus,ausgebreitet,"to spread, spread out"
beklagen,beklagt,beklagte,beklagt,"to complain"
benennen,benennt,benannte,benannt,"to name"
danken,dankt,dankte,gedankt,"to thank"
erlangen,erlangt,erlangte,erlangt,"to obtain, secure"
erstaunen,erstaunt,erstaunte,erstaunt,"to astonish"
erwidern,erwidert,erwiderte,erwidert,"to reply"
hinausgehen,geht hinaus,ging hinaus,hinausgegangen,"to go out, exceed"
korrigieren,korrigiert,korrigierte,korrigiert,"to correct, revise"
kündigen,kündigt,kündigte,gekündigt,"to terminate"
losgehen,geht los,ging los,losgegangen,"to come off, go off, start"
markieren,markiert,markierte,markiert,"to mark"
mitmachen,macht mit,machte mit,mitgemacht,"to join in, take part"
schildern,schildert,schilderte,geschildert,"to describe"
transportieren,transportiert,transportierte,transportiert,"to transport"
verteidigen,verteidigt,verteidigte,verteidigt,"to defend"
verwandeln,verwandelt,verwandelte,verwandelt,"to transform, turn into"
verweigern,verweigert,verweigerte,verweigert,"to refuse"
vorschreiben,schreibt vor,schrieb vor,vorgeschrieben,"to tell sb to do sth"
weggehen,geht weg,ging weg,weggegangen,"to leave, go away"
widersprechen,widerspricht,widersprach,widersprochen,"to contradict"
abholen,holt ab,holte ab,abgeholt,"to get, fetch, pick up"
absetzen,setzt ab,setzte ab,abgesetzt,"to take off, dismiss"
anbringen,bringt an,brachte an,angebracht,"to put up"
andeuten,deutet an,deutete an,angedeutet,"to suggest, indicate"
aufbrechen,bricht auf,brach auf,aufgebrochen,"to take off, break open"
aufsetzen,setzt auf,setzte auf,aufgesetzt,to put on
ausgleichen,gleicht aus,glich aus,ausgeglichen,"even out, reconcile"
beantragen,beantragt,beantragte,beantragt,"to apply for"
einigen,einigt,einigte,geeinigt,"to unite, agree"
einleiten,leitet ein,leitete ein,eingeleitet,"to introduce"
einschlafen,schläft ein,schlief ein,eingeschlafen,"to fall asleep"
etablieren,etabliert,etablierte,etabliert,"to establish"
flüstern,flüstert,flüsterte,geflüstert,"to whisper"
gleiten,gleitet,glitt,geglitten,"to glide"
pressen,presst,presste,gepresst,"to press"
trainieren,trainiert,trainierte,trainiert,"to train, coach"
anmelden,meldet an,meldete an,angemeldet,"to register, sign up"
aufzeigen,zeigt auf,zeigte auf,aufgezeigt,"to show, point out"
aussteigen,steigt aus,stieg aus,ausgestiegen,"to get off"
austauschen,tauscht aus,tauschte aus,ausgetauscht,"to exchange, replace"
bevorstehen,steht bevor,stand bevor,bevorgestanden,"to lie ahead, be imminent"
eingreifen,greift ein,griff ein,eingegriffen,"to intervene"
entspannen,entspannt,entspannte,entspannt,"to relax"
fliehen,flieht,floh,geflohen,"to flee, escape"
putzen,putzt,putzte,geputzt,"to clean"
reinigen,reinigt,reinigte,gereinigt,"to clean"
resultieren,resultiert,resultierte,resultiert,"to result"
sperren,sperrt,sperrte,gesperrt,"to cut off, block, close"
umgeben,umgibt,umgab,umgeben,"to surround, enclose"
verdeutlichen,verdeutlicht,verdeutlichte,verdeutlicht,"to clarify, explain"
wiegen,wiegt,wog,gewogen,"to weigh"
anfallen,fällt an,fiel an,angefallen,"to attack, accumulate"
anführen,führt an,führte an,angeführt,"to lead, command, quote"
ausbrechen,bricht aus,brach aus,ausgebrochen,"to break out, erupt"
aushalten,hält aus,hielt aus,ausgehalten,"to bear, endure"
beauftragen,beauftragt,beauftragte,beauftragt,"to give sb the task of doing sth"
bestreiten,bestreitet,bestritt,bestritten,"to dispute"
dringen,dringt,drang,gedrungen,"to press, insist"
eindringen,dringt ein,drang ein,eingedrungen,"to force one's way in, penetrate"
einschließen,schließt ein,schloss ein,eingeschlossen,"to lock up, surround, include"
entfallen,entfällt,entfiel,entfallen,"to slip sb's mind, be dropped"
kleben,klebt,klebte,geklebt,"to stick"
notieren,notiert,notierte,notiert,"to note"
reizen,reizt,reizte,gereizt,"to annoy, provoke, tempt"
übergeben,gibt über,gab über,übergegeben,"to hand over, transfer"
verlegen,verlegt,verlegte,verlegt,"to misplace, postpone"
verringern,verringert,verringerte,verringert,"to reduce"
verschaffen,verschafft,verschaffte,verschafft,"to provide"
vertreiben,vertreibt,vertrieb,vertrieben,"to drive out, to sell"
werben,wirbt,warb,geworben,"to advertise"
zurücktreten,tritt zurück,trat zurück,zurückgetreten,"to step back, resign"
abhalten,hält ab,hielt ab,abgehalten,"to keep from"
abstellen,stellt ab,stellte ab,abgestellt,"to turn off, shut down, park"
ausfüllen,füllt aus,füllte aus,ausgefüllt,"to fill out"
bedanken,bedankt,bedankte,bedankt,"to thank"
befestigen,befestigt,befestigte,befestigt,"to fix, fasten"
beibringen,bringt bei,brachte bei,beigebracht,"to teach"
beschleunigen,beschleunigt,beschleunigte,beschleunigt,"to accelerate"
besorgen,besorgt,besorgte,besorgt,"to get, take care"
biegen,biegt,bog,gebogen,"to bend, turn"
dastehen,steht da,stand da,dagestanden,"to stand there"
erregen,erregt,erregte,erregt,"to arouse, annoy"
erwischen,erwischt,erwischte,erwischt,"to catch"
haften,haftet,haftete,gehaftet,"to be responsible, to stick"
hocken,hockt,hockte,gehockt,"to squat, crouch"
nachfolgen,folgt nach,folgte nach,nachgefolgt,"to follow, succeed"
nachgehen,geht nach,ging nach,nachgegangen,"to follow, pursue, be slow"
schleppen,schleppt,schleppte,geschleppt,"to tow, carry"
stoppen,stoppt,stoppte,gestoppt,"to stop"
übereinstimmen,stimmt überein,stimmte überein,übereingestimmt,"to accord, correspond, agree"
unterbringen,bringt unter,brachte unter,untergebracht,"to put up, accommodate"
vergrößern,vergrößert,vergrößerte,vergrößert,"to extend, enlarge"
verkünden,verkündet,verkündete,verkündet,"to announce"
vernichten,vernichtet,vernichtete,vernichtet,"to destroy"
verwirren,verwirrt,verwirrte,verwirrt,"to confuse"
wiedersehen,sieht wieder,sah wieder,wiedergesehen,to see again
abbilden,bildet ab,bildete ab,abgebildet,"to copy, portray"
abdecken,deckt ab,deckte ab,abgedeckt,"to cover"
ablösen,löst ab,löste ab,abgelöst,"to take off, come off, peel off"
abspielen,spielt ab,spielte ab,abgespielt,"to play"
abweichen,weicht ab,wich ab,abgewichen,"to deviate, differ"
abzeichnen,zeichnet ab,zeichnete ab,abgezeichnet,"to stand out, become, apparent, draw"
basieren,basiert,basierte,basiert,"to be based on"
entgegenkommen,kommt/kömmt entgegen,kam entgegen,entgegengekommen,"to come to meet, accommodate"
entwerfen,entwirft,entwarf,entworfen,"to design"
hinfahren,fährt hin,fuhr hin,hingefahren,"to go there, drive there"
isolieren,isoliert,isolierte,isoliert,"isolate, insulate"
ruhen,ruht,ruhte,geruht,"to rest"
schwingen,schwingt,schwang,geschwungen,"to swing"
tauchen,taucht,tauchte,getaucht,"to dive, dip"
übersehen,übersieht,übersah,übersehen,"to overlook"
veranstalten,veranstaltet,veranstaltete,veranstaltet,to organize
verbrennen,verbrennt,verbrannte,verbrannt,"to burn"
verhandeln,verhandelt,verhandelte,verhandelt,"to negotiate"
verknüpfen,verknüpft,verknüpfte,verknüpft,"to tie"
versagen,versagt,versagte,versagt,"to fail"
verwirklichen,verwirklicht,verwirklichte,verwirklicht,"to put into practice, carry out"
verzeichnen,verzeichnet,verzeichnete,verzeichnet,"to list, record"
anklagen,klagt an,klagte an,angeklagt,"to accuse"
aufklären,klärt auf,klärte auf,aufgeklärt,"to clear up, inform"
auftragen,trägt auf,trug auf,aufgetragen,"to apply, serve, instruct"
aufwachen,wacht auf,wachte auf,aufgewacht,to wake up
auskommen,kommt/kömmt aus,kam aus,ausgekommen,"to get by, get on, manage"
ausschalten,schaltet aus,schaltete aus,ausgeschaltet,"to turn off"
ausscheiden,scheidet aus,schied aus,ausgeschieden,"to leave, retire, be eliminate"
backen,backt,backte,gebacken/gebackt,"to bake"
bedauern,bedauert,bedauerte,bedauert,"to regret, feel sorry"
befriedigen,befriedigt,befriedigte,befriedigt,"to satisfy"
bekämpfen,bekämpft,bekämpfte,bekämpft,"to fight, combat"
beschädigen,beschädigt,beschädigte,beschädigt,"to damage"
einschätzen,schätzt ein,schätzte ein,eingeschätzt,"to judge, assess"
erschließen,erschließt,erschloss,erschlossen,"to develop, tap"
erziehen,erzieht,erzog,erzogen,"to bring up, educate"
formen,formt,formte,geformt,"to form"
jagen,jagt,jagte,gejagt,"to hunt"
kombinieren,kombiniert,kombinierte,kombiniert,"to combine"
kriechen,kriecht,kroch,gekrochen,"to crawl"
lenken,lenkt,lenkte,gelenkt,"to steer, guide"
motivieren,motiviert,motivierte,motiviert,"to motivate"
reiten,reitet,ritt,geritten,"to ride"
spazieren,spaziert,spazierte,spaziert,"to go for a walk"
umbringen,bringt um,brachte um,umgebracht,"to kill"
untergehen,geht unter,ging unter,untergegangen,"to go down"
verdanken,verdankt,verdankte,verdankt,"to owe, have sb to thank for sth"
versammeln,versammelt,versammelte,versammelt,"to assemble, gather"
verzweifeln,verzweifelt,verzweifelte,verzweifelt,"to despair"
wandeln,wandelt,wandelte,gewandelt,"to change, convert"
zusammenkommen,kommt/kömmt zusammen,kam zusammen,zusammengekommen,"to meet, come together"
zusammenleben,lebt zusammen,lebte zusammen,zusammengelebt,"to live together"
zusehen,sieht zu,sah zu,zugesehen,"to watch"
abziehen,zieht ab,zog ab,abgezogen,"to take off, withdraw, subtract"
aktivieren,aktiviert,aktivierte,aktiviert,"to mobilize, activate"
aufsuchen,sucht auf,suchte auf,aufgesucht,"to go to see, call on"
ausstellen,stellt aus,stellte aus,ausgestellt,"to display, issue, make out"
beinhalten,beinhaltet,beinhaltete,beinhaltet,"to contain, include"
bereitstellen,stellt bereit,stellte bereit,bereitgestellt,"to provide, put on standby"
berufen,beruft,berief,berufen,"to appoint"
bewähren,bewährt,bewährte,bewährt,"to prove itself"
bewältigen,bewältigt,bewältigte,bewältigt,"to cope with, overcome"
blühen,blüht,blühte,geblüht,"to bloom"
einreichen,reicht ein,reichte ein,eingereicht,"to submit"
einschlagen,schlägt ein,schlug ein,eingeschlagen,"to hammer in, smash, choose"
erfreuen,erfreut,erfreute,erfreut,"to please, take pleasure"
erholen,erholt,erholte,erholt,"to recover, relax"
erschießen,erschießt,erschoss,erschossen,"to shoot dead"
ersparen,erspart,ersparte,erspart,"to spare"
erstrecken,erstreckt,erstreckte,erstreckt,"to extend, include"
ertragen,erträgt,ertrug,ertragen,"to bear"
gestehen,gesteht,gestand,gestanden,"to confess"
indizieren,indiziert,indizierte,indiziert,"to infect"
konfrontieren,konfrontiert,konfrontierte,konfrontiert,"to confront"
löschen,löscht,löschte,gelöscht,"to put out, delete"
schweben,schwebt,schwebte,geschwebt,"to float, hover, be in the balance"
strahlen,strahlt,strahlte,gestrahlt,"to shine"
telefonieren,telefoniert,telefonierte,telefoniert,"to make a telephone call"
trösten,tröstet,tröstete,getröstet,"to comfort"
überstehen,übersteht,überstand,überstanden,"to get over, survive"
unterschreiben,unterschreibt,unterschrieb,unterschrieben,"to sign"
veranlassen,veranlasst,veranlasste,veranlasst,"to arrange, see to it"
verhaften,verhaftet,verhaftete,verhaftet,"to arrest"
verkehren,verkehrt,verkehrte,verkehrt,"to run, associate"
verpassen,verpasst,verpasste,verpasst,"to miss"
vorangehen,geht voran,ging voran,vorangegangen,"to go ahead, make progress"
weitergeben,gibt weiter,gab weiter,weitergegeben,"to pass on"
weitermachen,macht weiter,machte weiter,weitergemacht,"to carry on, continue"
zulegen,legt zu,legte zu,zugelegt,"to put on, get oneself sth"
zustehen,steht zu,stand zu,zugestanden,"to be entitled"
abheben,hebt ab,hob/hub ab,abgehoben,"lift off, withdraw"
abschneiden,schneidet ab,schnitt ab,abgeschnitten,"to cut off"
agieren,agiert,agierte,agiert,"to act"
anordnen,ordnet an,ordnete an,angeordnet,"to order, arrange"
anrichten,richtet an,richtete an,angerichtet,"to prepare, cause"
anstehen,steht an,stand an,angestanden,"to line up"
aufrufen,ruft auf,rief auf,aufgerufen,"to call out, up, upon"
aufschreiben,schreibt auf,schrieb auf,aufgeschrieben,"to write down"
aufspringen,springt auf,sprang auf,aufgesprungen,"to jump up, on, burst open"
ausdehnen,dehnt aus,dehnte aus,ausgedehnt,"to extend, expand"
ausnutzen,nutzt aus,nutzte aus,ausgenutzt,"to take advantage"
ausprobieren,probiert aus,probierte aus,ausprobiert,"to try out"
ausweichen,weicht aus,wich aus,ausgewichen,"to make way, evade, avoid"
beabsichtigen,beabsichtigt,beabsichtigte,beabsichtigt,"to intend"
beeinträchtigen,beeinträchtigt,beeinträchtigte,beeinträchtigt,"to restrict, damage"
begeben,begibt,begab,begeben,"to proceed"
begehen,begeht,beging,begangen,"to commit, make, celebrate"
bergen,birgt,barg,geborgen,"to rescue, hide"
beseitigen,beseitigt,beseitigte,beseitigt,"to eliminate"
charakterisieren,charakterisiert,charakterisierte,charakterisiert,"to characterize"
demonstrieren,demonstriert,demonstrierte,demonstriert,"to demonstrate"
dokumentieren,dokumentiert,dokumentierte,dokumentiert,"to document"
einlassen,lässt ein,ließ ein,eingelassen,"to let in, get involved"
erforschen,erforscht,erforschte,erforscht,"to explore, investigate"
erschöpfen,erschöpft,erschöpfte,erschöpft,"to exhaust"
erschweren,erschwert,erschwerte,erschwert,"to make more difficult"
erwachen,erwacht,erwachte,erwacht,"to wake up"
erwecken,erweckt,erweckte,erweckt,"to wake, arouse"
flüchten,flüchtet,flüchtete,geflüchtet,"to flee"
fressen,frisst,fraß,gefressen,"to eat"
gießen,gießt,goss,gegossen,"to water, pour"
gleichen,gleicht,glich,geglichen,"to be alike, be just like"
grüßen,grüßt,grüßte,gegrüßt,"to greet"
hervorgehen,geht hervor,ging hervor,hervorgegangen,"to come from, follow"
irren,irrt,irrte,geirrt,"to be wrong"
lauschen,lauscht,lauschte,gelauscht,"to listen, eavesdrop"
locken,lockt,lockte,gelockt,"to lure, tempt"
loswerden,wird los,wurde/ward los,losgeworden,"to get rid of"
sicherstellen,stellt sicher,stellte sicher,sichergestellt,"to confiscate, guarantee"
spiegeln,spiegelt,spiegelte,gespiegelt,"to shine, reflect"
stehlen,stiehlt,stahl,gestohlen,"to steal"
überwachen,überwacht,überwachte,überwacht,"to monitor, keep under surveillance"
überziehen,zieht über,zog über,übergezogen,"to cover, put on, overdraw"
umwandeln,wandelt um,wandelte um,umgewandelt,"to convert, change"
zurücklegen,legt zurück,legte zurück,zurückgelegt,"to put back, put aside, cover distance"
zusagen,sagt zu,sagte zu,zugesagt,"to promise, accept"
zusammenstellen,stellt zusammen,stellte zusammen,zusammengestellt,"to put together"
abwenden,wendet ab,wendete ab,abgewendet,"to turn away, avert"
ansiedeln,siedelt an,siedelte an,angesiedelt,"to settle, establish"
aufbewahren,bewahrt auf,bewahrte auf,aufbewahrt,"to keep, store"
aufschlagen,schlägt auf,schlug auf,aufgeschlagen,"to open, hit"
auswerten,wertet aus,wertete aus,ausgewertet,"to evaluate, analyze"
beleben,belebt,belebte,belebt,"to stimulate"
beschaffen,beschafft,beschaffte,beschafft,"to get hold of"
eilen,eilt,eilte,geeilt,"to hurry"
einsehen,sieht ein,sah ein,eingesehen,"to see, realize, look into"
entfalten,entfaltet,entfaltete,entfaltet,"to unfold, develop"
erhoffen,erhofft,erhoffte,erhofft,"to expect, hope for"
erleiden,erleidet,erlitt,erlitten,"to suffer"
festnehmen,nimmt fest,nahm fest,festgenommen,"to arrest, detain"
fixieren,fixiert,fixierte,fixiert,"to fix one's eyes, fixate"
freigeben,gibt frei,gab frei,freigegeben,"to release"
hassen,hasst,hasste,gehasst,"to hate"
hervorrufen,ruft hervor,rief hervor,hervorgerufen,"to evoke, arouse, cause"
hinnehmen,nimmt hin,nahm hin,hingenommen,"to accept"
klingeln,klingelt,klingelte,geklingelt,"to ring"
kommentieren,kommentiert,kommentierte,kommentiert,"to comment"
lagern,lagert,lagerte,gelagert,"to store, to camp"
plädieren,plädiert,plädierte,plädiert,"to plead"
rauschen,rauscht,rauschte,gerauscht,"to rustle, roar"
regnen,regnet,regnete,geregnet,"to rain"
rutschen,rutscht,rutschte,gerutscht,"to slide"
seufzen,seufzt,seufzte,geseufzt,"to sigh"
spezialisieren,spezialisiert,spezialisierte,spezialisiert,"to specialize"
strecken,streckt,streckte,gestreckt,"to stretch"
umarmen,umarmt,umarmte,umarmt,"to embrace"
unterstreichen,streicht unter,strich unter,untergestrichen,"to underline, emphasize"
verfallen,verfällt,verfiel,verfallen,"to deteriorate, expire"
vermindern,vermindert,verminderte,vermindert,"to reduce, decrease"
vernehmen,vernimmt,vernahm,vernommen,"to hear, learn sth from sb"
verschärfen,verschärft,verschärfte,verschärft,"to intensify, make more rigorous"
zurückgeben,gibt zurück,gab zurück,zurückgegeben,"to give back, return"
auflegen,legt auf,legte auf,aufgelegt,"to publish, put on, hang up"
aufreißen,reißt auf,riss auf,aufgerissen,"to tear open"
aufrichten,richtet auf,richtete auf,aufgerichtet,to put up right
auslegen,legt aus,legte aus,ausgelegt,"to lay out, design, interpret"
brüllen,brüllt,brüllte,gebrüllt,"to bellow, roar, shout"
durchziehen,zieht durch,zog durch,durchgezogen,"to pull through, pass through"
einlegen,legt ein,legte ein,eingelegt,"to put in, insert"
erlassen,erlässt,erließ,erlassen,"to enact, declare"
fotografieren,fotografiert,fotografierte,fotografiert,"to photograph"
gestatten,gestattet,gestattete,gestattet,"to allow, permit"
herausnehmen,nimmt heraus,nahm heraus,herausgenommen,"to take out"
hervorheben,hebt hervor,hob/hub hervor,hervorgehoben,"to emphasize, stress"
lügen,lügt,log,gelogen,"to tell a lie"
operieren,operiert,operierte,operiert,"to operate, have surgery"
schämen,schämt,schämte,geschämt,"to be ashamed"
servieren,serviert,servierte,serviert,"to serve"
strukturieren,strukturiert,strukturierte,strukturiert,"to structure"
übertreiben,übertreibt,übertrieb,übertrieben,"to exaggerate"
unterdrücken,unterdrückt,unterdrückte,unterdrückt,"to suppress"
verdoppeln,verdoppelt,verdoppelte,verdoppelt,"to double"
verdrängen,verdrängt,verdrängte,verdrängt,"to drive out, suppress"
vereinfachen,vereinfacht,vereinfachte,vereinfacht,"to simplify"
verwundern,verwundert,verwunderte,verwundert,to astonish
vorbeugen,beugt vor,beugte vor,vorgebeugt,"to lean forward, prevent"
vorlesen,liest vor,las vor,vorgelesen,"to read sth for sb"
wehen,weht,wehte,geweht,"to blow, flutter"
zerreißen,zerreißt,zerriss,zerrissen,"to tear up, to tear to pieces"
zielen,zielt,zielte,gezielt,"to aim"
zuführen,führt zu,führte zu,zugeführt,"to lead to sth, supply"
zurückweisen,weist zurück,wies zurück,zurückgewiesen,"to reject"
zutrauen,traut zu,traute zu,zugetraut,"to believe sb capable"
abgrenzen,grenzt ab,grenzte ab,abgegrenzt,"to enclose, differentiate, distinguish"
ablenken,lenkt ab,lenkte ab,abgelenkt,"to distract, deflect"
abreißen,reißt ab,riss ab,abgerissen,"to tear down, to tear off, stop"
abschalten,schaltet ab,schaltete ab,abgeschaltet,"to switch off"
anmerken,merkt an,merkte an,angemerkt,"to notice, add, let show"
aufziehen,zieht auf,zog auf,aufgezogen,"to open, raise, wind"
ausnehmen,nimmt aus,nahm aus,ausgenommen,"to exempt, gut"
benehmen,benimmt,benahm,benommen,"to behave"
beten,betet,betete,gebetet,"to pray"
bohren,bohrt,bohrte,gebohrt,"to drill"
braten,brät,briet,gebraten,"to fry, roast"
bremsen,bremst,bremste,gebremst,"to brake, slow down"
dulden,duldet,duldete,geduldet,"to tolerate"
durchgehen,durchgeht,durchging,durchgangen,"to go through"
einholen,holt ein,holte ein,eingeholt,"to pull in, ask for, catch up"
erkundigen,erkundigt,erkundigte,erkundigt,"to inquire"
installieren,installiert,installierte,installiert,"to install"
konzipieren,konzipiert,konzipierte,konzipiert,"to plan, design"
loslassen,lässt los,ließ los,losgelassen,"to let go"
protestieren,protestiert,protestierte,protestiert,"to protest"
repräsentieren,repräsentiert,repräsentierte,repräsentiert,"to represent"
schimpfen,schimpft,schimpfte,geschimpft,"to scold, grumble"
schreiten,schreitet,schritt,geschritten,"to stride, walk"
spannen,spannt,spannte,gespannt,"to stretch, tighten"
täuschen,täuscht,täuschte,getäuscht,"to deceive, be mistaken"
überfordern,überfordert,überforderte,überfordert,"to overtax, be too much"
umstellen,stellt um,stellte um,umgestellt,"to rearrange, adjust, switch"
verfassen,verfasst,verfasste,verfasst,"to draw up, write"
vertiefen,vertieft,vertiefte,vertieft,"to deepen, become absorbed"
vorherrschen,herrscht vor,herrschte vor,vorgeherrscht,"to predominate"
wegnehmen,nimmt weg,nahm weg,weggenommen,"to take away"
zurückgreifen,greift zurück,griff zurück,zurückgegriffen,"to fall back"
angehören,gehört an,gehörte an,angehört,"to belong"
antun,tut an,tat an,angetan,"to do sth to sb"
anvertrauen,vertraut an,vertraute an,anvertraut,"to entrust, confide"
aufräumen,räumt auf,räumte auf,aufgeräumt,"to tidy up, clear up"
entgehen,entgeht,entging,entgangen,"to escape"
festsetzen,setzt fest,setzte fest,festgesetzt,"to determine"
herausgeben,gibt heraus,gab heraus,herausgegeben,"to publish, give change, hand out"
inszenieren,inszeniert,inszenierte,inszeniert,"to stage"
mahnen,mahnt,mahnte,gemahnt,"to warn, urge"
reflektieren,reflektiert,reflektierte,reflektiert,to reflect
schleichen,schleicht,schlich,geschlichen,"to creep, prowl, sneak"
segeln,segelt,segelte,gesegelt,"to sail"
streben,strebt,strebte,gestrebt,"to strive"
trocknen,trocknet,trocknete,getrocknet,"to dry"
überholen,überholt,überholte,überholt,"to pass, overhaul"
unterstellen,unterstellt,unterstellte,unterstellt,"to put in charge, imply, store"
verbrauchen,verbraucht,verbrauchte,verbraucht,"to use, consume"
vernachlässigen,vernachlässigt,vernachlässigte,vernachlässigt,"to neglect"
vorbeigehen,geht vorbei,ging vorbei,vorbeigegangen,"to go past, pass"
vortragen,trägt vor,trug vor,vorgetragen,"to present, perform"
